0_RfR 0,0_RfR 1,0_RfR 2,0_RfR 3,0_RfR 4,1_RfR 0,1_RfR 1,1_RfR 2,1_RfR 3,1_RfR 4,2_RfR 0,2_RfR 1,2_RfR 2,2_RfR 3,2_RfR 4,3_RfR 0,3_RfR 1,3_RfR 2,3_RfR 3,3_RfR 4,4_RfR 0,4_RfR 1,4_RfR 2,4_RfR 3,4_RfR 4,EWS_DaysToThreat,A.1_DikeIncrease 0,A.1_DikeIncrease 1,A.1_DikeIncrease 2,A.1_DikeIncrease 3,A.1_DikeIncrease 4,A.2_DikeIncrease 0,A.2_DikeIncrease 1,A.2_DikeIncrease 2,A.2_DikeIncrease 3,A.2_DikeIncrease 4,A.3_DikeIncrease 0,A.3_DikeIncrease 1,A.3_DikeIncrease 2,A.3_DikeIncrease 3,A.3_DikeIncrease 4,A.4_DikeIncrease 0,A.4_DikeIncrease 1,A.4_DikeIncrease 2,A.4_DikeIncrease 3,A.4_DikeIncrease 4,A.5_DikeIncrease 0,A.5_DikeIncrease 1,A.5_DikeIncrease 2,A.5_DikeIncrease 3,A.5_DikeIncrease 4,Total_period_Costs_0,Total_period_Costs_1,Expected Annual Damage A4_,Expected Annual Damage A5_,Total Costs,Expected Number of Deaths_
0,0,0,0,0,0,0,0,0,0,0,0,0,0,0,0,0,0,0,0,0,0,0,0,0,3,2,0,0,0,0,0,0,0,0,0,2,0,0,0,0,0,0,0,0,3,0,0,0,0,0,83562202.73270029,24139181.29679446,5006208.838103382,18639672.36724264,187320649.58041424,0.019190145603092332
0,0,0,0,0,0,0,0,0,0,0,0,1,0,1,0,0,0,0,0,0,0,0,0,0,3,2,0,0,0,0,0,0,0,0,0,2,0,3,0,0,3,0,0,0,5,2,0,0,0,0,101765303.99129367,6310644.891124559,0.0,0.0,226530580.5133104,0.005237248740272732
0,0,0,0,0,0,0,0,0,0,0,0,0,1,0,0,0,0,0,0,0,0,0,0,0,0,2,0,0,0,0,4,0,0,0,0,3,0,3,0,0,3,0,0,0,3,5,0,0,0,0,160063292.4244967,121399.59891980025,485598.395679201,0.0,227241793.19416237,0.00042420415882038313
0,0,0,0,0,0,0,0,0,0,0,0,0,1,1,0,0,0,0,0,0,0,0,0,0,0,2,0,3,0,0,0,0,0,0,0,1,0,0,0,0,2,0,0,7,5,2,0,0,0,0,98774943.00412002,6310141.952520242,0.0,0.0,260876823.03805146,0.043643739502272766
0,0,0,0,0,0,0,0,0,0,0,0,1,1,1,0,0,0,0,0,0,0,0,0,0,3,2,0,0,0,0,2,0,0,0,0,2,0,1,0,0,3,0,0,7,3,7,0,0,0,0,155250188.02111638,361829.67196503264,0.0,0.0,298111145.1708927,0.0003072329434845622
0,0,0,0,0,0,0,0,0,0,0,0,0,1,0,0,0,0,0,0,0,0,0,0,0,3,2,0,0,0,0,3,0,0,0,0,3,0,0,0,0,3,0,0,0,2,4,0,0,0,0,151497551.8314321,371092.3260634103,0.0,0.0,191791608.11847726,0.00032241316271067644
0,0,0,0,0,0,0,0,0,0,0,0,0,1,0,0,1,0,0,0,0,0,0,0,0,3,2,0,0,0,0,0,0,0,0,0,1,0,0,0,0,0,1,0,0,0,0,0,0,0,0,66921115.30559766,135222073.05839914,1665173.7037564318,0.0,255947006.6101955,0.006547034078112952
0,0,0,0,0,0,0,0,0,0,0,0,0,0,0,0,0,0,0,0,0,0,0,0,0,0,2,0,0,0,0,4,0,0,0,0,4,0,0,0,0,3,0,4,5,2,5,0,1,0,0,162268639.51544178,121399.59891980025,242799.1978396005,0.0,227707922.98580933,0.00021210207941019157
0,0,0,0,0,0,0,0,0,0,0,0,0,0,1,0,0,0,0,0,0,0,0,0,0,0,2,0,0,0,0,0,0,0,0,0,2,0,0,0,0,2,0,2,0,2,1,0,0,0,0,102393199.90021914,10600884.15861781,0.0,0.0,191725266.8738724,0.07323159912544802
0,0,0,0,0,0,0,0,0,0,0,0,0,0,0,0,0,0,0,0,0,0,0,0,0,3,2,0,0,0,0,3,0,0,0,0,3,0,0,0,0,1,0,0,0,2,3,0,0,0,0,151777742.6988398,5809481.095230011,9043005.480362881,3493901.0258680778,183831539.99527928,0.006279665342291084
0,0,0,0,0,0,0,0,0,0,0,0,1,0,0,0,0,0,1,1,0,0,0,0,0,0,2,0,0,3,0,3,0,0,0,0,3,0,0,0,0,0,0,0,0,2,0,0,3,0,0,110956072.19924583,1660136.9476822475,6747902.53112935,0.0,472058605.13366973,0.0050277813349881685
0,0,0,0,0,0,0,0,0,0,0,0,0,0,1,0,0,0,0,0,0,0,0,0,0,3,2,0,0,0,0,0,0,0,0,0,2,0,0,0,0,0,1,1,0,2,1,0,0,0,0,99191977.54698035,17444163.55426808,4651152.857109226,0.0,193519845.1580767,0.009185822368455127
0,0,0,0,0,0,0,0,0,0,0,0,1,1,0,0,0,0,0,0,0,0,0,0,0,3,2,0,0,0,0,1,0,0,0,0,3,0,0,0,0,3,0,3,0,3,3,0,0,0,0,141033337.61859092,2530046.239375339,0.0,0.0,232245008.60400397,0.00214242407566685
0,0,0,0,0,0,0,0,0,0,0,0,0,0,1,0,0,0,0,0,0,0,0,0,0,3,2,0,0,0,0,3,0,0,0,0,3,0,0,0,0,1,0,2,0,2,3,0,0,0,0,148615719.03884268,2647457.4352328773,4552291.21569598,17330066.801032193,216100408.33487836,0.00359794765912264
0,0,0,0,0,0,0,0,0,0,0,0,1,1,1,0,0,0,0,0,0,0,0,0,0,0,2,0,0,0,0,0,0,0,0,0,2,0,0,0,3,3,0,1,0,1,2,0,0,0,0,100300652.99223429,4845993.89206516,0.0,0.0,251885855.22705922,0.03331317045501574
0,0,0,0,0,0,0,0,0,0,0,0,0,0,0,0,0,0,0,0,0,0,0,0,0,3,2,0,0,0,0,0,0,0,0,0,2,0,0,0,0,0,1,0,0,3,0,0,0,0,0,83562202.73270029,29208295.570388816,1251552.2095258455,18639672.36724264,190175251.95594153,0.018872274402136957
0,0,0,0,0,0,0,0,0,0,0,0,0,0,0,0,0,0,0,0,0,0,0,0,0,0,2,0,0,0,0,0,0,0,0,0,2,0,0,0,0,1,0,1,0,2,0,0,0,0,0,88629438.78249101,22885617.03691893,0.0,18639672.36724264,194550422.80795777,0.15638597779293195
0,0,0,0,0,0,0,0,0,0,0,0,1,1,1,0,0,1,0,0,0,0,0,0,0,3,2,0,0,0,0,1,0,0,0,0,0,0,1,1,0,3,0,3,0,3,2,0,1,3,0,113373112.72789606,1841149.8747666336,0.0,0.0,453371171.8142049,0.0013985005542219398
0,0,0,0,0,0,0,0,0,0,0,0,1,1,1,0,0,1,0,0,0,0,0,0,0,3,3,0,0,0,0,1,0,0,0,0,0,0,1,0,0,2,0,0,0,3,2,0,0,0,0,117394987.0148841,1948049.2215667376,427556.6158725533,0.0,365722320.78622586,0.001440373133556428
0,0,0,0,0,0,0,0,0,0,0,0,0,0,1,0,0,1,0,0,0,0,0,0,0,3,2,0,0,0,0,3,0,0,0,0,3,0,0,0,0,1,0,0,0,2,2,0,0,0,0,144469332.35461834,1274366.8257332894,5096972.448166532,2891610.1422274606,310666931.0503254,0.0009596334964482332
0,0,0,0,0,0,0,0,0,0,0,0,1,1,1,0,0,1,0,0,0,0,0,0,0,0,2,0,0,0,0,0,0,0,0,0,0,0,0,0,0,2,0,3,1,0,1,0,0,0,0,75446354.10088679,5821856.558089219,213778.30793627666,3657170.214645441,328231217.6103077,0.043277678091560925
0,0,0,0,0,0,0,0,0,0,0,0,1,0,1,0,0,1,0,0,0,0,0,0,0,0,2,0,0,0,0,2,0,0,0,0,3,0,0,0,0,2,0,1,0,2,3,0,0,0,0,142677425.8811651,722168.2593020609,715177.1639013244,0.0,341963175.24070656,0.0031875956504313235
0,0,0,0,0,0,0,0,0,0,0,0,0,0,0,0,0,0,0,0,0,0,0,0,0,0,2,0,0,0,0,0,0,0,0,0,3,0,0,0,0,0,0,2,0,2,0,0,0,0,0,85590404.93490823,24137169.246444777,2503104.419051691,18639672.36724264,193558233.9248382,0.1581519289093507
0,0,0,0,0,0,0,0,0,0,0,0,1,1,0,0,0,0,0,0,0,0,0,0,0,3,2,0,0,0,0,3,0,0,0,0,3,0,0,0,0,2,0,3,0,2,4,0,1,0,0,150810028.26864666,804896.2403642201,1609644.5387498778,0.0,259368133.32581598,0.00016400976854005284
0,0,0,0,0,0,0,0,0,0,0,0,1,1,1,0,0,0,0,0,0,0,0,0,0,0,2,0,0,0,0,0,0,1,1,0,1,0,2,0,0,3,0,0,0,2,2,0,0,0,0,98432122.42075121,4845993.89206516,0.0,27738552.222402856,335169750.274605,0.05549233914592573
0,0,0,0,0,0,0,0,0,0,0,0,0,1,1,0,0,0,0,0,0,0,0,0,0,3,2,0,0,0,0,3,0,0,0,0,2,0,0,0,0,3,0,0,7,2,4,0,0,0,0,150274239.6009533,1177994.348142244,364198.79675940075,5282440.826626334,242177639.1736336,0.0009068999576717213
0,0,0,0,0,0,0,0,0,0,0,0,0,1,1,0,0,1,0,0,0,0,0,0,0,3,2,0,0,0,0,0,0,0,0,0,2,0,0,0,0,2,0,5,0,4,1,0,0,0,0,97311941.62517911,5519625.883577785,0.0,0.0,326094590.64777714,0.0045748572274847445
0,0,0,0,0,0,0,0,0,0,0,0,0,1,0,0,0,0,0,0,0,0,0,0,0,3,2,0,0,0,0,0,0,0,0,0,2,0,0,0,0,0,0,3,0,2,2,0,0,0,0,101732993.42846186,14731742.02490079,8259142.200202436,0.0,195533018.3117994,0.009487099828128821
0,0,0,0,0,0,0,0,0,0,0,0,1,1,1,0,0,0,0,0,0,0,0,0,0,0,2,0,0,0,0,0,0,0,0,0,0,0,0,0,0,0,0,0,0,3,2,0,0,0,0,76091812.33867988,11258379.133922566,19548447.45163118,0.0,216791624.7080704,0.06735989518059025
0,0,0,0,0,0,0,0,0,0,0,0,0,0,0,0,0,0,0,0,0,0,0,0,0,3,2,0,0,0,0,0,0,0,0,0,2,0,0,0,0,0,0,1,0,2,0,0,0,0,0,83562202.73270029,24139181.29679446,2503104.419051691,18639672.36724264,190267293.7955812,0.01897823146912208
0,0,0,0,0,0,0,0,0,0,0,0,0,1,0,0,0,0,0,0,0,0,0,0,0,3,2,0,0,0,0,0,0,0,0,0,2,0,0,0,0,0,1,0,0,2,2,0,0,0,0,101732993.42846186,17444163.55426808,5694316.371125242,0.0,190308236.53919852,0.009282575382182799
0,0,0,0,0,0,0,0,0,0,1,0,1,1,1,0,0,0,0,0,0,0,0,0,0,3,2,0,0,0,0,0,0,0,0,0,0,0,1,0,3,5,0,4,0,2,4,0,3,0,0,114866179.82765478,2465088.3471011575,0.0,0.0,318258178.5597721,0.0020359670024872427
0,0,0,0,0,0,0,0,0,0,0,0,0,0,0,0,0,0,1,0,0,0,0,0,0,3,2,0,0,0,0,3,0,0,0,0,3,0,0,0,0,3,0,0,0,3,3,0,0,0,0,149178986.82700363,1078117.8364519808,0.0,0.0,284041395.4764002,0.0014680212604038267
0,0,0,0,0,0,0,0,0,0,0,0,0,0,1,0,0,1,1,0,0,0,0,0,0,4,2,0,0,0,0,3,0,0,0,0,3,0,0,0,0,0,0,3,0,3,0,0,1,0,1,110956271.52192295,1660336.2703593683,3320273.895364495,4887888.422640668,459338338.93646455,0.0010826983160065226
0,0,0,0,0,0,0,0,0,0,0,0,1,1,1,0,0,1,0,0,0,0,0,0,0,1,2,0,0,0,0,0,0,0,0,0,1,0,0,0,0,3,0,0,1,3,2,0,0,0,0,97903789.94918479,4317661.420498735,0.0,0.0,345135023.6615518,0.010657882742333324
0,0,0,0,0,0,0,0,0,0,0,0,1,1,1,0,0,1,0,0,0,0,0,0,0,3,2,0,0,0,0,3,0,0,0,0,1,0,0,0,0,3,0,1,0,5,3,0,0,0,0,144202124.1665109,0.0,0.0,0.0,377154296.99802744,0.0
0,0,0,0,0,0,0,0,0,0,0,0,0,0,0,0,0,0,1,0,0,0,0,0,0,4,2,0,0,0,0,3,0,0,0,0,3,0,0,0,0,3,0,0,1,0,3,0,0,0,0,149178999.13423,1078130.143678355,0.0,0.0,281682675.0778719,0.0014680212604038267
0,0,0,0,0,0,0,0,0,0,0,0,1,1,1,0,0,1,0,0,0,0,0,0,0,3,2,0,0,0,0,3,0,0,0,0,0,0,0,0,0,3,0,1,7,2,3,0,0,0,0,124568919.88569556,666083.3465053245,0.0,0.0,374448264.0745255,0.0010321279939454371
0,0,0,0,0,0,0,0,0,0,0,0,0,1,0,0,0,0,0,0,0,0,0,0,0,3,2,0,0,0,0,3,0,0,0,0,2,0,0,0,0,1,0,1,0,2,3,0,0,0,0,148849897.1794808,4911849.828428626,6085382.772032896,10481703.077604234,218839586.00514543,0.006275260216708123
0,0,0,0,0,0,0,0,0,0,0,0,1,1,0,0,0,0,0,0,0,0,0,0,0,3,2,0,0,0,0,3,0,0,0,0,2,0,0,0,0,2,0,0,0,2,4,0,0,0,0,148779814.01608902,804896.2403642201,3219289.0774997557,1056488.1653252668,221492815.05251855,0.000501763853755683
0,0,0,0,0,0,0,0,0,0,0,0,0,1,0,0,0,0,0,0,0,0,0,0,0,0,2,0,0,0,0,0,0,0,0,0,3,0,0,0,0,0,0,1,0,2,1,0,0,0,0,101220905.03335622,14730455.258719027,9302305.714218453,0.0,193400600.26586336,0.0798654403488041
0,0,0,0,0,0,0,0,0,0,0,0,0,1,0,0,0,0,0,0,0,0,0,0,0,0,2,0,0,0,0,3,0,0,0,0,3,0,0,0,0,2,0,3,0,2,4,0,0,0,0,151173529.4529102,1168397.42462779,1594668.5073659946,0.0,201869501.15832162,0.004034104175893735
0,0,0,0,0,0,0,0,0,0,0,0,0,0,0,0,0,0,0,0,0,0,0,0,0,3,2,0,0,0,0,0,0,0,0,0,3,0,0,0,0,1,0,0,0,2,0,0,0,0,0,90661531.25885226,22887495.260722578,0.0,18639672.36724264,189794135.97599503,0.01876631733515183
0,0,0,0,0,0,0,0,0,0,0,1,1,1,1,0,0,0,0,0,0,0,0,0,0,3,2,0,0,0,0,0,0,0,0,0,0,0,0,0,0,0,0,1,0,3,2,0,0,0,0,73211685.92962873,39078252.72487142,14563203.439294683,8865077.421782294,238452511.99454618,0.004802207526294823
0,0,0,0,0,0,0,0,0,0,0,0,1,1,1,0,0,1,0,0,0,0,0,0,0,0,2,0,0,0,0,3,0,0,0,0,0,0,0,0,0,1,0,0,0,3,2,0,0,0,0,120929727.39354368,1932794.3160200028,5067020.385398765,1971192.75983134,351407610.19179004,0.015307415691397395
0,0,0,0,0,0,0,0,0,0,0,0,0,1,1,0,0,0,0,0,0,0,0,0,0,3,2,0,0,0,0,3,0,0,0,0,4,0,0,0,0,3,0,3,0,2,5,0,0,1,0,156752776.32542315,121410.44601198813,242799.1978396005,0.0,266211324.39522386,2.5452249529222988e-05
0,0,0,0,0,0,0,0,0,0,0,0,0,0,0,0,0,0,0,0,0,0,0,0,0,3,2,0,0,0,0,3,0,0,0,0,3,0,0,0,0,0,0,3,0,2,3,0,0,0,0,148265762.80854264,8618301.514599096,10138538.024997842,10481703.077604234,194575350.01203233,0.007455844822964542
0,0,0,0,0,0,0,0,0,0,0,0,1,0,1,0,0,0,0,0,0,0,0,0,0,3,2,0,0,0,0,3,0,0,0,0,3,0,0,0,0,1,0,0,0,2,3,0,0,0,0,148252115.0660977,2283853.4624879137,9255934.093079528,6833177.099002665,231041508.21781236,0.0020166486467136533
0,0,0,0,0,0,0,0,0,0,0,0,1,1,1,0,0,0,0,0,0,0,0,0,0,0,2,0,0,0,0,3,0,0,0,0,3,0,0,0,0,2,0,0,0,1,4,0,3,0,0,150809954.29765737,804822.2693749389,3340688.676419556,0.0,286923576.99565494,0.00283954718203931
0,0,0,0,0,0,0,0,0,0,0,0,1,1,1,0,0,1,0,0,0,0,0,0,0,4,2,0,0,0,0,3,0,0,0,0,0,0,0,0,0,3,0,3,0,5,4,0,0,0,0,127594517.75498517,666090.7009778266,0.0,0.0,366449894.52884996,0.0010321279939454371
0,0,0,0,0,0,0,0,0,0,0,0,1,1,1,0,0,0,0,0,0,0,0,0,0,0,2,0,3,0,0,3,0,0,0,0,1,0,1,0,0,3,0,0,7,4,4,0,0,0,0,148405602.4455731,1177887.764245067,364198.79675940075,5282440.826626334,340539489.35959864,0.007557499647264345
0,0,0,0,0,0,0,0,0,0,0,0,1,1,1,0,0,0,0,0,0,0,0,0,0,4,2,0,0,0,0,3,0,0,0,0,2,0,0,0,0,3,0,1,0,0,4,0,0,0,0,150274257.36493617,1178012.1121251066,242799.1978396005,5282440.826626334,253713224.4207831,0.0008941738329071098
0,0,0,0,0,0,0,0,0,0,0,0,1,1,1,0,0,0,0,0,0,0,0,0,0,3,2,0,0,0,0,0,0,0,0,0,2,0,0,0,0,3,0,1,0,2,2,0,0,0,0,100301039.94474885,4846380.844579739,0.0,0.0,227164520.61797178,0.00399758045460189
0,0,0,0,0,0,0,0,0,0,0,0,1,1,0,0,0,1,0,0,0,0,0,0,0,3,2,0,0,0,0,3,0,0,0,0,2,0,1,0,0,3,0,3,0,2,3,0,0,0,0,146070654.737994,0.0,0.0,0.0,368700633.282122,0.0
0,0,0,0,0,0,0,0,0,0,0,0,1,1,0,0,0,0,0,0,0,0,0,0,0,3,2,0,0,0,0,1,0,0,0,0,3,0,0,0,0,1,0,1,0,2,3,0,0,0,0,141137489.98590818,4766805.993634411,5203679.633318001,0.0,230003614.42917013,0.002643425843199948
0,0,0,0,0,0,0,0,0,0,0,0,1,1,1,0,0,1,0,1,0,0,0,0,0,0,3,0,0,0,0,0,0,0,0,0,0,0,0,0,0,0,0,0,1,3,0,0,0,0,0,47510922.59430493,5219416.939928637,5092893.636730709,0.0,415088214.2937956,0.028519222241108685
0,0,0,0,0,0,0,0,0,0,0,0,1,0,0,0,0,1,1,0,0,0,0,0,0,3,2,0,0,2,0,3,0,0,0,0,2,0,0,0,0,0,0,1,0,2,0,0,0,0,0,108926028.79469715,1660307.795691208,4732928.587139148,9886153.506871846,448734414.0829571,0.002009786079719403
0,0,0,0,0,0,0,0,0,0,0,0,1,0,1,0,0,0,0,0,0,0,0,0,0,3,2,0,0,0,0,3,0,0,0,0,2,0,0,0,0,3,0,0,0,2,4,0,3,0,0,150274239.6009533,1177994.348142244,485598.395679201,2112976.3306505335,255922343.02947024,0.00039839313240960073
0,0,0,0,0,0,0,0,0,0,0,1,1,1,1,0,0,0,0,0,0,0,0,0,0,3,2,0,0,0,0,0,0,0,0,0,0,0,0,0,0,0,1,0,0,3,2,0,0,0,0,73211685.92962873,42590232.61516858,11754685.796886481,8865077.421782294,235643691.57517707,0.004567266833858644
0,0,0,0,0,0,0,0,0,0,0,1,1,1,1,0,0,0,0,0,0,0,0,0,0,3,2,0,0,0,0,0,0,0,0,0,0,0,3,0,0,3,1,2,0,3,3,0,0,0,0,78525225.32319126,40156243.71602972,0.0,0.0,261103117.1821843,0.0020359670024872427
0,0,0,0,0,0,0,0,0,0,0,0,1,1,0,0,0,0,0,0,0,0,0,0,0,3,2,0,0,0,0,3,0,0,0,0,4,0,0,0,0,3,0,0,0,2,5,0,0,0,0,156752776.32542315,121410.44601198813,485598.395679201,0.0,226626694.64625058,5.0904499058445976e-05
0,0,0,0,0,0,0,0,0,0,0,1,1,1,1,0,0,0,0,0,0,0,0,0,0,3,2,0,0,0,0,0,0,0,0,0,0,2,0,0,0,2,1,0,0,2,3,0,0,0,0,77769229.77296023,62093061.631298624,365297.77803943015,0.0,247467243.42835382,0.0020725288699864246
0,0,0,0,0,0,0,0,0,0,0,0,1,1,1,0,0,0,0,0,0,0,0,0,0,0,2,0,0,0,0,3,0,0,0,0,0,0,2,0,0,3,0,3,1,1,5,0,0,0,0,132423924.74934493,2195938.4122401867,0.0,0.0,273967058.81602734,0.01136357650525494
0,0,0,0,0,0,0,0,0,0,0,0,1,1,0,0,0,0,0,0,0,0,0,0,0,0,2,0,0,0,0,0,0,0,0,0,3,0,0,0,0,3,0,1,0,2,2,0,0,0,0,103795015.30524698,6310141.952520242,0.0,0.0,205813540.41023195,0.043643739502272766
0,0,0,0,0,0,0,0,0,0,0,0,1,1,1,0,0,0,0,0,0,0,0,0,0,3,2,0,0,0,0,0,0,0,0,0,0,0,0,0,0,2,0,0,0,2,2,0,0,0,0,78788678.5309938,6623165.106714721,1005544.7792462865,0.0,204971657.5368976,0.006461326087339406
0,0,0,0,0,0,0,0,0,0,0,1,1,1,1,0,0,0,0,0,0,0,0,0,0,0,2,0,0,0,0,0,0,0,0,0,0,3,0,0,0,2,0,6,0,1,3,0,0,0,0,77768998.87867455,57728221.83103211,730595.5560788603,0.0,256723323.77327678,0.01757575614571339
0,0,0,0,0,0,0,0,0,0,0,1,1,1,1,0,0,0,0,0,0,0,0,0,0,3,2,0,0,0,0,0,0,0,0,0,0,0,0,0,0,0,3,1,0,1,3,0,0,0,0,75117397.80021138,41618496.04370921,5045059.681027771,0.0,230452363.38395774,0.002484846711190789
0,0,0,0,0,0,0,0,0,0,0,1,1,1,1,0,0,0,0,0,0,0,0,0,0,0,2,0,0,0,0,0,0,0,0,0,0,0,0,0,0,0,2,1,0,1,3,0,0,0,0,75116680.56214114,40862269.59919251,5410357.459067201,0.0,229224935.4205498,0.02101173815574976
0,0,0,0,0,0,0,0,0,0,0,0,1,1,1,0,0,0,0,0,0,0,0,0,0,3,2,0,0,0,0,0,0,0,0,0,0,1,0,0,0,0,4,6,0,1,2,0,0,0,0,76092808.33780676,34840863.83406548,4887111.862907795,0.0,240814780.60526127,0.004900795106293512
0,0,0,0,0,0,0,0,0,0,0,0,0,1,0,0,0,0,0,0,0,0,0,0,0,3,2,0,0,0,0,3,0,0,0,0,3,0,0,0,0,0,0,1,0,1,3,0,0,0,0,145103739.1485455,5456277.8546019625,15518951.969891362,3493901.0258680778,204075239.2795428,0.002324396526441945
0,0,0,0,0,0,0,0,0,0,0,0,1,1,1,0,0,0,0,1,0,0,0,0,0,2,3,0,0,0,0,1,0,0,0,0,0,0,0,0,3,2,0,0,0,6,2,0,0,0,0,117394958.20903745,1948020.4157200898,427556.6158725533,0.0,375373434.8484676,0.0023165304139182536
0,0,0,0,0,0,0,0,0,0,0,0,1,1,0,0,0,0,0,0,0,0,0,0,0,0,2,0,0,0,0,0,0,0,0,0,0,0,0,0,0,3,0,0,0,1,2,0,0,0,0,84352018.25200264,11065177.350637278,0.0,0.0,197003883.02348033,0.10540869599667135
0,0,0,0,0,0,0,0,0,0,0,0,1,1,1,0,0,0,0,0,0,0,0,0,0,4,2,0,0,0,0,0,0,0,0,0,3,0,0,0,0,2,0,1,0,1,2,0,0,0,0,101461404.98635937,5097859.110718898,502772.38962314324,0.0,226949910.56139705,0.004047582370214512
0,0,0,0,0,0,0,0,0,0,0,0,1,1,1,0,0,0,0,1,0,0,0,0,0,2,2,0,0,0,1,1,0,7,0,0,0,0,0,0,0,2,0,0,1,6,2,0,0,0,0,112358655.79176325,1948020.4157200898,571366.8898869389,5913578.27949402,467346209.89047265,0.0030547241841596363
0,0,0,0,0,0,0,0,0,0,0,1,1,1,0,0,0,0,0,0,0,0,0,0,0,0,2,0,0,0,0,0,0,0,0,0,0,0,0,0,0,2,0,1,0,1,2,0,0,0,0,78788166.89010544,37322653.46582635,502772.38962314324,0.0,210375932.62329838,0.053427701431056525
0,0,0,0,0,0,0,0,0,0,0,0,0,1,1,0,0,0,0,0,0,0,0,0,0,3,2,0,0,0,0,0,0,0,0,0,3,0,0,0,0,3,0,0,0,1,3,0,0,0,0,106568814.31857604,6310644.891124559,0.0,0.0,200202549.25200287,0.005237248740272732
0,0,0,0,0,0,0,0,0,0,0,0,0,1,0,0,0,0,0,0,0,0,0,0,0,3,2,0,0,0,0,3,0,0,0,0,3,0,0,0,0,0,0,6,0,0,3,0,0,0,0,145103739.1485455,5456277.8546019625,10169326.500512384,17330066.801032193,212291396.20568445,0.004067829043994999
0,0,0,0,0,0,0,0,0,0,0,0,0,1,0,0,0,0,0,1,0,0,0,0,0,3,2,0,0,0,0,3,0,0,0,0,3,0,0,0,3,3,0,1,0,1,3,0,0,0,0,148100868.99055162,0.0,0.0,0.0,340986438.1586029,0.0
0,0,0,0,0,0,0,0,0,0,0,1,1,1,1,0,0,0,0,0,0,0,0,0,0,4,2,0,0,0,0,0,0,0,0,0,0,0,0,0,0,0,3,0,0,1,2,0,0,0,0,73211818.69902109,47014163.38341676,5045059.681027771,22447737.29925565,242899404.5117925,0.006131366943814888
0,0,0,0,0,0,0,0,0,0,0,0,1,1,1,0,0,0,0,1,0,0,0,0,0,0,2,0,0,0,0,1,0,0,0,0,0,0,0,0,0,4,0,1,0,1,3,0,0,0,1,117388058.99608715,1841012.402675978,0.0,0.0,380451809.88675964,0.016814811254910016
0,0,0,0,0,0,0,0,0,0,0,0,1,1,1,0,0,0,0,0,0,0,0,0,0,0,2,0,0,0,0,3,0,0,0,0,0,0,0,0,0,5,0,1,0,1,5,0,0,0,0,135039288.73899132,2195938.4122401867,0.0,0.0,251132753.69073093,0.028408941263137352
0,0,0,0,0,0,0,0,0,0,1,0,1,1,1,0,0,0,0,0,0,0,0,0,0,2,3,0,0,0,0,0,0,0,0,0,0,0,0,0,3,7,0,4,0,1,3,0,0,0,1,120069733.44508508,2465049.966829575,0.0,0.0,295333684.19611174,0.0025449587531090534
0,0,0,0,0,0,0,0,0,0,0,0,1,1,1,0,0,1,0,1,0,0,0,0,0,0,2,0,0,0,0,0,0,0,0,0,0,0,0,7,0,0,0,0,1,2,0,0,0,0,0,42474620.17703071,5219416.939928637,5092893.636730709,0.0,443113829.4184116,0.028519222241108685
0,0,0,0,0,0,0,0,0,0,0,0,1,1,1,0,0,1,0,1,0,0,0,0,0,2,2,0,0,0,0,0,0,0,0,0,0,0,3,0,0,0,0,1,1,1,0,0,0,0,1,42474988.68152052,5219785.444418443,3501626.0612695906,0.0,462252028.78990334,0.004106031482727538
0,0,0,0,0,0,0,0,0,0,0,1,1,1,1,0,0,0,0,0,0,0,0,0,0,0,2,0,0,0,0,0,0,0,0,0,0,0,0,0,0,0,2,0,0,1,3,0,0,0,0,75116680.56214114,40862269.59919251,6140953.015146062,0.0,222964375.6077001,0.02162110261406946
0,0,0,0,0,0,0,0,0,0,0,0,1,1,1,0,0,0,0,1,0,0,0,0,0,0,2,0,0,0,1,3,0,0,0,0,0,0,0,0,0,7,0,0,0,1,3,0,0,0,0,130377119.84375174,666039.2196703115,0.0,0.0,389305614.36719203,0.008601066616211975
0,0,0,0,0,0,0,0,0,0,0,0,1,1,1,0,0,0,0,0,0,0,0,0,0,0,2,0,0,0,0,0,0,0,0,0,0,0,0,0,0,2,2,1,0,1,2,0,0,0,1,78788166.89010544,14212995.684221368,251386.19481157162,0.0,245699654.39195043,0.053219360116003936
0,0,0,0,0,0,0,0,0,0,0,0,1,1,1,0,0,0,0,0,0,0,0,0,0,3,2,0,0,0,0,0,0,0,0,0,0,0,0,0,0,0,3,0,1,1,2,0,0,3,0,76092808.33780676,14825162.969161063,4887111.862907795,0.0,248815682.77522495,0.006791788547503329
0,0,0,0,0,0,0,0,0,0,0,0,1,1,1,0,0,0,0,0,0,0,0,0,0,3,2,0,0,0,0,3,0,0,0,0,0,0,0,0,0,2,0,0,0,1,4,0,0,0,0,128785196.16932459,2978096.5924035297,3127760.0637029107,0.0,238775724.6691534,0.0037228495983148368
0,0,0,0,0,0,0,0,0,0,0,0,1,1,1,0,0,0,0,0,0,0,0,0,0,3,2,0,0,0,0,0,0,0,0,0,0,0,0,0,0,0,0,0,0,1,2,0,0,0,0,76092808.33780676,11259375.133049449,21487602.77356897,0.0,216602835.65338835,0.008266103046400547
0,0,0,0,0,0,0,0,0,0,0,0,1,1,1,0,0,0,0,0,0,0,0,0,0,0,2,0,0,0,0,0,0,0,0,0,0,0,0,0,0,0,0,6,0,1,2,0,0,0,0,76091812.33867988,11258379.133922566,9774223.72581559,0.0,218883056.49230552,0.0601854569907708
0,0,0,0,0,0,0,0,0,0,0,0,1,1,1,0,0,0,0,1,0,0,0,0,0,0,2,0,0,0,0,0,0,0,0,0,0,0,0,0,0,3,0,0,1,7,2,0,0,0,0,78270374.26255736,4983533.361191993,0.0,0.0,334808857.2922973,0.03820629645602677
0,0,0,0,0,0,0,0,0,0,0,0,1,1,1,0,0,0,0,0,0,0,0,0,0,0,2,0,0,0,0,0,0,0,0,0,0,0,0,0,0,0,2,1,5,1,2,0,0,0,0,76091812.33867988,13954733.685348123,5138498.057719367,0.0,228533271.34878653,0.056806579210913664
0,0,0,0,0,0,0,0,0,0,0,0,1,1,1,0,0,0,0,0,0,0,0,0,0,0,2,0,0,0,0,0,0,0,0,0,0,0,0,0,0,2,0,1,3,0,2,0,3,0,0,78788166.89010544,6622653.465826343,502772.38962314324,0.0,245195955.7098229,0.053427701431056525
0,0,0,0,0,0,0,0,0,0,0,0,1,1,1,0,0,0,0,0,0,0,0,0,0,3,2,0,0,0,0,0,0,0,0,0,0,0,0,0,0,3,0,0,0,0,2,0,0,0,0,79658596.1739184,6371755.272553015,0.0,0.0,197245617.2641304,0.006361322256114162
0,0,0,0,0,0,0,0,0,0,0,0,1,1,1,0,0,0,0,0,0,0,0,0,0,3,2,0,0,5,0,0,0,0,0,0,1,0,0,0,0,4,0,2,7,1,2,0,0,1,0,99674297.0388228,4846380.844579739,0.0,0.0,331278368.02006304,0.00399758045460189
0,0,0,0,0,0,0,0,0,0,0,1,1,1,1,0,0,0,0,0,0,0,0,0,0,0,2,0,0,0,0,0,0,0,0,0,0,0,0,0,0,0,0,0,0,1,2,0,0,0,0,73210889.31327462,39077456.108517304,22416780.762730654,4337524.129291176,233032996.4146019,0.03958935173207028
0,0,0,0,0,0,0,0,0,0,0,0,0,1,0,0,0,0,0,0,0,0,0,0,0,4,2,0,0,0,0,2,0,0,0,0,3,0,0,0,0,4,0,3,7,1,3,0,0,0,0,146880931.6532949,2562558.888788564,0.0,0.0,225661186.4620596,0.002195652612256654
0,0,0,0,0,0,0,0,0,0,0,0,1,1,1,0,0,0,0,0,0,0,0,0,0,0,2,0,0,0,0,0,0,0,0,0,0,0,0,0,0,3,0,0,0,1,2,0,0,0,0,79658108.17238015,6371267.271014771,0.0,0.0,204234332.6253678,0.05301101880095134
0,0,0,0,0,0,0,0,0,0,0,0,1,1,1,0,0,1,0,1,0,0,0,0,0,0,2,0,0,0,0,0,0,0,0,0,0,0,7,0,0,1,0,1,1,2,0,0,0,0,0,47523243.8215832,3947240.2748148735,638181.8206947093,0.0,452483123.4608928,0.02532694839127326
0,0,0,0,0,0,0,0,0,0,0,0,1,1,1,0,0,0,0,0,0,0,0,0,0,3,2,0,0,0,0,0,0,0,0,0,0,0,0,0,0,2,0,1,0,1,2,0,0,0,0,78788678.5309938,6623165.106714721,502772.38962314324,0.0,210378419.90968987,0.006411324171726784
0,0,0,0,0,0,0,0,0,0,0,0,1,1,1,0,0,0,0,1,0,0,0,0,0,1,2,0,0,0,0,1,0,0,0,0,0,0,0,0,0,7,0,0,0,0,3,0,0,0,1,121954582.06855622,1841079.0558108413,0.0,0.0,370311444.3470648,0.006053332051767606
0,0,0,0,0,0,0,0,0,0,0,0,1,1,1,0,0,0,0,0,0,0,0,0,0,0,2,0,3,0,0,0,0,0,0,0,2,0,0,1,0,2,0,1,0,1,2,0,0,0,0,99430711.70995958,5097380.086876731,502772.38962314324,0.0,291858823.1079304,0.03372985308512093
0,0,0,0,0,0,0,0,0,0,0,1,1,1,1,0,0,0,0,0,0,0,0,0,0,1,2,0,0,0,0,0,0,0,0,0,0,0,0,0,0,0,1,0,0,1,2,0,0,0,0,73211275.55150692,42589978.213056915,12119983.57492591,8865077.421782294,233801996.03820452,0.013811486104073479
0,0,0,0,0,0,0,0,0,0,0,1,1,1,1,0,0,0,0,0,0,0,0,0,0,0,2,0,0,0,0,0,0,0,0,0,0,1,0,0,0,3,0,1,0,1,3,0,0,0,0,78525028.5777214,53464179.22895199,0.0,0.0,245705087.110301,0.016966391687393688
0,0,0,0,0,0,0,0,0,0,0,1,1,1,1,0,0,0,0,0,0,0,0,0,0,0,2,0,0,0,0,0,0,0,0,0,0,0,0,0,0,0,0,1,1,1,3,0,0,0,0,75116680.56214114,38209951.28265907,12691959.178714542,0.0,235040889.3259975,0.02653522753050737
0,0,0,0,0,0,0,0,0,0,0,1,1,1,1,0,0,0,0,0,0,0,0,0,0,0,2,0,0,0,0,0,0,0,0,0,0,0,0,0,0,0,1,0,0,0,2,2,0,0,0,73210889.31327462,71217408.99553508,13991227.835506052,867504.8258582351,250632599.22956228,0.029013852059301536
0,0,0,0,0,0,0,0,0,0,0,0,0,1,0,0,0,0,0,1,0,0,0,0,0,3,2,0,0,0,0,3,0,0,0,0,3,0,0,0,0,2,0,1,0,0,3,0,0,0,0,147344652.24995098,365110.7364856376,730153.1952852078,0.0,306369918.07183033,7.30548989428434e-05
0,0,0,0,0,0,0,0,0,0,0,0,0,1,1,0,0,0,0,0,0,0,0,0,0,0,2,0,0,0,0,3,0,0,0,0,3,0,0,0,0,3,0,1,0,1,5,0,1,3,0,154547418.38738593,121399.59891980025,242799.1978396005,0.0,297038259.0556883,0.00021210207941019157
0,0,0,0,0,0,0,0,0,0,0,0,1,1,1,0,0,0,0,0,0,0,0,0,0,0,2,0,0,0,0,1,0,0,0,0,0,0,0,0,0,4,0,6,0,5,3,0,0,0,0,120240353.72869077,4693307.135279592,0.0,0.0,260999569.8054041,0.0458189040887794
0,0,0,0,0,0,0,0,0,0,0,0,0,1,0,0,0,0,0,0,0,0,0,0,0,1,2,0,0,0,0,0,0,0,0,0,3,0,0,0,0,3,0,0,0,0,1,0,0,0,0,105545151.44047861,10601293.969233373,0.0,0.0,178650327.3174121,0.02636337568516129
0,0,0,0,0,0,0,0,0,0,0,0,1,1,1,0,0,0,0,1,0,0,0,0,0,0,2,0,0,0,0,0,0,0,0,0,0,0,0,0,0,2,0,1,0,0,2,0,0,0,0,77255935.93943922,5090422.515160131,213778.30793627666,0.0,317357113.623569,0.03838076553658714
0,0,0,0,0,0,0,0,0,0,1,0,1,1,1,0,0,0,0,0,0,0,0,0,0,3,2,0,0,0,0,0,0,0,0,0,0,0,0,0,0,3,0,6,0,6,7,0,0,0,0,123067212.82595092,2465088.3471011575,0.0,0.0,255979652.17338738,0.0020359670024872427
0,0,0,0,0,0,0,0,0,0,0,0,1,1,1,0,0,0,0,1,0,0,0,0,0,0,2,0,0,0,0,0,0,0,0,0,1,0,0,0,3,3,0,0,0,1,2,0,0,0,0,97903622.67020774,4317494.141521681,0.0,0.0,360489654.53028,0.029605229839814794
0,0,0,0,0,0,0,0,0,0,0,0,1,1,1,0,0,0,0,0,0,0,0,0,0,3,2,0,0,0,0,0,0,0,0,0,0,0,0,0,0,0,1,0,0,1,2,0,0,0,0,76092808.33780676,14631901.916433204,10955964.023532731,0.0,212606866.03907308,0.0073655363794987855
0,0,0,0,0,0,0,0,0,0,0,0,1,1,1,0,0,1,0,1,0,0,0,0,0,0,2,0,0,0,0,0,0,0,0,0,0,0,0,0,0,3,0,0,0,0,0,0,0,0,0,49336760.298177645,3628149.364467519,0.0,0.0,398349357.7560477,0.024837421953393495
0,0,0,0,0,0,0,0,0,0,1,0,1,1,1,0,0,0,0,0,0,0,0,0,0,3,2,0,0,0,0,0,0,0,0,0,0,0,0,2,0,2,0,6,1,4,3,0,0,0,0,108469229.77296023,2830420.273956406,730595.5560788603,0.0,267812753.26527855,0.002109090737485607
0,0,1,0,0,0,0,0,0,0,0,0,1,1,1,0,0,0,0,0,0,0,0,0,0,2,0,0,0,0,0,0,0,0,0,0,0,0,3,4,0,0,1,2,4,1,2,0,3,0,0,38837410.80542047,14631769.457298953,6826267.1848455835,0.0,356873852.57730883,0.006945573864157103
0,0,1,0,0,0,0,0,0,0,0,0,1,1,1,0,0,0,0,0,0,0,0,0,0,3,0,0,0,0,0,0,0,0,0,0,0,0,1,0,0,1,1,1,0,2,2,0,0,1,0,42210131.88408845,13159952.571299173,2190541.51674936,0.0,308555891.46450865,0.005150993757742825
0,0,1,0,0,0,0,0,0,0,0,0,1,1,1,0,1,0,0,0,0,0,0,0,0,3,0,0,0,0,0,0,0,0,0,0,0,0,3,0,0,1,0,2,0,2,0,0,2,0,0,22748187.96029775,137627387.6506315,1416966.445421543,21467825.457508683,417497666.1502254,0.007517385680166254
0,0,1,0,0,0,0,0,0,0,0,1,1,0,1,0,1,0,0,0,0,0,0,0,0,3,0,0,0,0,0,0,0,0,0,0,0,0,0,0,0,3,0,1,0,6,2,0,0,0,0,41015560.165180475,156883922.5009172,0.0,0.0,380239428.89607453,0.004584755574723213
0,0,1,0,0,0,0,0,0,0,0,0,1,1,1,0,0,0,0,0,0,0,0,0,0,2,0,0,0,0,0,0,0,0,0,0,0,0,2,0,0,2,0,2,0,5,2,0,0,0,7,41533375.48515783,6623065.297980813,502772.38962314324,0.0,329331297.26479834,0.006241348863524277
0,0,1,0,0,0,0,0,0,0,0,1,1,1,1,0,0,0,0,0,0,0,0,0,0,4,0,0,0,0,0,0,0,0,0,0,0,0,0,0,0,3,1,7,0,1,3,0,0,0,0,41270054.87700082,40156276.506941356,0.0,0.0,290982070.81011194,0.0020359670024872427
0,0,1,0,0,0,0,0,0,0,0,1,1,0,1,0,0,0,0,0,0,0,0,0,0,2,0,0,0,0,0,0,0,0,0,0,0,0,0,0,0,2,0,1,0,5,2,0,0,0,0,41533375.48515783,37323065.29798082,502772.38962314324,0.0,262974250.88406998,0.008014155214658482
0,0,1,0,0,0,0,0,0,0,0,0,1,0,1,0,0,1,0,0,0,0,0,0,0,3,0,0,0,0,0,3,0,0,0,3,4,0,1,0,0,3,0,0,1,2,4,0,0,0,0,116076603.3592117,0.0,0.0,0.0,474790582.8638711,0.0
0,0,1,0,0,0,0,0,0,0,0,0,1,1,1,0,0,0,0,0,0,0,0,0,0,1,0,0,0,0,0,0,0,0,0,0,0,0,2,0,0,2,0,2,0,2,2,0,3,1,0,41533211.72131288,6622901.534135859,502772.38962314324,0.0,339869684.63267756,0.014979237272458264
0,0,1,0,0,0,0,0,0,0,0,0,1,0,0,0,1,0,0,0,0,0,0,0,0,3,0,0,0,0,0,0,0,0,0,0,0,2,0,0,0,2,1,0,0,5,0,0,3,1,1,22321130.768587075,157829246.03293037,0.0,0.0,417479765.9839052,0.008680027388139135
0,0,1,0,0,0,0,0,0,0,0,1,1,1,1,0,0,0,0,0,0,0,0,0,0,3,0,0,0,0,0,0,0,0,0,0,0,0,0,0,0,0,1,5,0,2,2,0,6,0,0,35956482.69252666,42590232.61516858,7281601.719647341,1735009.6517164703,326131814.10560894,0.0029809046691700114
0,0,1,0,0,0,0,0,0,0,0,0,1,1,1,0,1,0,0,0,0,0,0,0,0,4,0,0,0,0,0,0,0,0,0,0,0,0,0,0,0,0,3,4,0,1,0,1,1,0,2,14829976.404554822,160406122.04980844,2755053.9827514943,7821265.315438099,440996250.89849377,0.006074105895114951
0,0,1,0,0,0,0,0,0,0,0,0,1,1,1,0,0,0,0,0,0,0,0,0,0,3,0,0,0,0,0,0,0,0,0,0,0,0,0,1,0,1,2,2,1,2,2,0,0,0,0,42210131.88408845,13954378.94680548,1939155.3219377885,0.0,293784871.64665484,0.005598741160238967
0,0,1,0,0,0,0,0,0,0,0,0,1,0,0,0,1,0,0,0,0,0,0,0,0,2,0,0,0,0,0,0,0,0,0,0,0,3,3,0,0,0,0,2,0,5,0,0,3,0,0,16654154.33338243,154764502.52317733,3330347.4075128636,0.0,386108241.997027,0.011202659079299696
0,0,1,0,0,0,0,0,0,0,0,0,1,1,1,0,0,0,0,0,0,0,0,0,0,3,0,0,0,0,0,1,0,0,0,0,0,0,0,0,0,2,0,2,0,2,4,0,1,0,0,84013301.58580092,5058982.857318003,730595.5560788603,0.0,324720591.6225452,0.005571392225651893
0,0,1,0,0,0,0,0,0,0,0,0,1,0,0,0,0,0,0,0,0,0,0,0,0,3,0,0,0,0,0,0,0,0,0,0,0,0,0,0,0,1,0,1,0,5,3,0,0,0,0,55133667.76210447,18461341.410058245,1043163.5140160163,0.0,261089074.21944672,0.020398043231903237
0,0,1,0,0,0,0,0,0,0,0,0,1,1,1,0,0,0,0,0,0,0,0,0,0,0,0,0,0,0,0,0,0,0,0,0,0,0,2,0,0,0,0,1,4,2,2,0,0,0,0,38836609.10157781,11258379.133922566,11713379.047753379,0.0,290460618.349281,0.049891044855957065
0,0,1,0,0,0,0,0,0,0,0,0,1,1,1,0,0,0,0,0,0,0,0,0,0,3,0,0,0,0,0,0,0,0,0,0,0,0,2,0,0,0,0,6,0,2,2,0,7,0,0,38837605.10070469,11259375.133049449,9774223.72581559,0.0,332325538.44260025,0.005804009757985134
0,0,1,0,0,0,0,0,0,0,0,0,1,1,1,0,0,0,0,0,0,0,0,0,0,3,0,0,0,0,0,0,0,0,0,0,0,0,0,3,0,0,1,5,0,1,2,0,0,0,0,38837605.10070469,14631901.916433204,6826267.1848455835,0.0,289611662.72376287,0.006029207451628135
0,0,1,0,0,0,0,0,0,0,0,0,1,0,1,0,1,0,0,0,0,0,0,0,0,3,0,0,0,0,0,0,0,0,0,0,0,0,0,0,0,1,0,4,0,1,0,0,1,0,0,24256374.133877106,139135573.82421085,1203188.1374852662,15554709.894451331,380600277.28672934,0.013455544432419276
0,0,1,0,0,0,0,0,0,0,0,0,1,0,0,0,1,0,0,0,0,0,0,0,0,2,0,0,0,0,0,0,0,3,0,0,0,0,3,0,0,0,0,2,0,6,0,0,2,0,0,16654154.33338243,137854154.3333824,4060500.602798071,6833995.661890141,397785392.61644125,0.010721173449472958
0,0,1,0,0,0,0,0,0,0,0,0,1,1,1,0,0,0,0,0,0,0,0,0,0,0,0,0,0,0,0,0,0,0,0,0,0,0,0,0,0,0,1,4,5,1,2,0,3,0,7,38836609.10157781,14631222.902618803,6826267.1848455835,0.0,365986086.38203466,0.058122534768608694
0,0,1,0,0,0,0,0,0,0,0,0,1,1,1,0,1,0,0,0,0,0,0,0,0,3,0,0,0,0,0,0,0,0,0,0,0,0,0,0,0,0,0,5,0,6,0,1,1,0,0,14829753.863397347,154707977.9034612,5510107.965502989,7821265.315438099,413040010.03536934,0.006317564730097151
0,0,1,0,0,0,0,0,0,0,0,0,1,1,1,0,1,0,0,0,0,0,0,0,0,3,0,0,0,0,0,0,0,0,0,0,0,0,3,0,0,0,3,2,0,0,0,3,1,0,0,14829753.863397347,164988856.23990524,2755053.9827514943,7089831.2725090105,429472393.0559562,0.0053373031974283175
0,0,1,0,0,0,0,0,0,0,0,0,1,1,1,0,0,0,0,0,0,0,0,0,0,0,0,0,0,0,0,0,0,0,0,0,0,0,0,0,0,0,1,2,1,1,3,0,0,0,0,41609905.17630255,14631222.902618803,6826267.1848455835,0.0,273858758.06495184,0.058122534768608694
0,0,1,0,0,0,0,0,0,0,0,1,1,0,1,0,1,0,0,0,0,0,0,0,0,3,0,0,0,0,0,0,0,0,0,0,0,0,0,0,0,0,3,1,0,5,0,3,0,0,0,14829753.863397347,195688856.23990524,2755053.9827514943,7089831.2725090105,391122550.4375707,0.00595657999379558
0,0,1,0,0,0,0,0,0,0,0,0,1,1,1,0,0,0,0,0,0,0,0,0,0,0,0,0,0,0,0,0,0,0,0,0,0,0,0,0,0,0,0,3,0,4,3,0,0,0,0,41609905.17630255,11258379.133922566,9774223.72581559,0.0,267858917.0872375,0.0601854569907708
0,0,1,0,0,0,0,0,0,0,0,0,1,1,1,0,0,0,0,0,0,0,0,0,0,0,0,0,0,0,0,0,0,0,0,1,1,0,0,0,0,3,0,3,3,5,2,0,1,0,0,61176919.18364914,4845993.89206516,0.0,0.0,354603593.42698234,0.030132528929141006
0,0,1,0,0,0,0,0,0,0,0,1,1,1,1,0,0,0,0,0,0,0,0,0,0,0,0,0,0,0,0,0,0,0,0,0,0,0,2,0,0,1,0,1,3,1,2,0,1,0,0,39467968.74343059,36268938.466109104,4838381.855278571,1735009.6517164703,332197124.97470564,0.02318771536860845
0,0,1,0,0,0,0,0,0,0,0,1,1,1,1,0,0,0,0,0,0,0,0,0,0,3,0,0,0,0,0,0,0,0,0,0,0,0,0,0,0,1,3,2,0,7,2,0,2,0,0,39468462.58282382,47302908.41937512,2236542.0386195704,6262562.944207589,326195726.89875275,0.0032673306800525804
0,0,1,0,0,0,0,0,0,0,0,0,1,0,1,0,0,0,0,0,0,0,0,0,0,3,0,0,0,0,0,3,0,0,1,0,3,0,0,0,0,6,0,2,5,1,5,0,1,1,0,121303865.85353409,0.0,0.0,0.0,403087085.25792015,0.0
0,0,1,0,0,0,0,0,0,0,0,0,1,0,1,0,0,1,0,0,0,0,0,0,0,0,0,0,0,0,0,0,0,0,0,0,0,0,0,0,0,2,0,3,0,3,0,0,0,1,0,24664569.65918392,17332489.439662136,0.0,23332064.841676995,389717875.70267475,0.12148990503603194
0,0,1,0,0,0,0,0,0,0,0,0,1,1,1,0,0,0,0,0,0,0,0,0,0,0,0,0,0,0,0,0,0,0,0,0,0,0,0,0,0,0,0,1,0,0,2,0,0,0,0,38836609.10157781,11258379.133922566,15591689.691628955,0.0,258047056.32402432,0.06475834760901367
0,0,1,0,0,0,0,0,0,0,0,1,1,1,1,0,1,0,0,0,0,0,0,0,0,4,0,0,0,0,0,0,0,0,0,0,0,0,0,0,0,0,2,2,0,5,0,0,1,0,0,12332554.38540297,176330485.3604949,2896377.2258347785,31134597.0823606,427767381.6777306,0.007248062208812958
0,0,1,0,0,0,0,0,0,0,0,1,1,1,1,0,0,0,0,0,0,0,0,0,0,0,0,0,0,0,0,0,0,0,0,0,0,0,0,0,0,3,0,1,1,1,3,0,0,1,0,41269825.340619326,33164891.6016313,0.0,0.0,307920248.3960417,0.016966391687393688
0,0,1,0,0,0,0,0,0,0,0,1,1,1,1,0,0,0,0,0,0,0,0,0,0,1,0,0,0,0,0,0,0,0,0,0,0,0,0,0,0,0,0,5,4,2,2,0,1,0,0,35956072.314404845,39077842.346749604,10090119.362055542,1735009.6517164703,318365038.6931834,0.009647536084818574
0,0,1,0,0,0,0,0,0,0,0,0,1,1,0,0,0,0,0,0,0,0,0,0,0,0,0,0,0,0,0,0,0,0,0,0,0,0,0,0,0,0,2,2,0,1,3,0,0,0,0,46025933.75213011,18397257.570159055,4609230.359112854,0.0,258690500.91721275,0.10875321583864932
0,0,1,0,0,0,0,0,0,0,0,0,1,0,1,0,0,0,0,0,0,0,0,0,0,3,0,0,0,0,0,3,0,0,1,0,3,0,0,0,0,2,0,2,1,1,4,0,1,0,0,113554825.03154458,804896.2403642201,1609644.5387498778,0.0,353848652.9444268,0.00016400976854005284
0,0,1,0,0,0,0,0,0,0,0,0,1,1,1,0,0,0,0,0,0,0,0,0,0,3,0,0,0,0,0,0,0,0,0,0,0,0,0,0,0,1,0,2,0,5,2,0,1,0,0,42210131.88408845,8311101.606766961,3878310.643875577,0.0,292939332.5523308,0.006727153505573592
0,0,1,0,0,0,0,0,0,0,0,0,1,0,1,0,0,0,0,0,0,0,0,0,0,0,0,0,0,1,0,0,0,0,0,0,1,0,0,0,0,2,0,3,0,5,2,0,1,0,0,61519739.76701795,6310141.952520242,0.0,0.0,314367397.3577793,0.043643739502272766
0,0,1,0,0,0,0,0,0,0,0,1,1,1,1,0,0,1,0,0,0,0,0,0,0,0,0,0,0,0,0,0,0,0,0,0,0,0,0,0,0,0,1,3,0,5,0,0,1,1,0,12331220.097443707,55237650.33999876,4016639.598987912,24796618.37588833,448326818.5836984,0.052789704884172964
0,0,1,0,0,0,0,0,0,0,0,1,1,1,1,0,1,0,0,0,0,0,0,0,0,3,0,0,0,0,0,0,0,0,0,0,0,0,0,0,0,0,3,4,1,3,0,5,0,0,0,12332363.77283736,199482180.30554888,2789488.0718666404,7089831.2725090105,425651475.73953116,0.0033918583182933884
0,0,1,0,0,0,0,0,0,0,0,1,1,1,1,0,0,0,0,0,0,0,0,0,0,0,0,0,0,0,0,0,0,0,0,0,0,0,1,0,0,0,0,5,0,5,2,0,1,0,0,35955686.076172546,39077456.108517304,10090119.362055542,1735009.6517164703,330367066.34560716,0.026798711346718258
0,0,1,0,0,0,0,0,0,0,0,1,1,1,1,0,0,0,0,0,0,0,0,0,0,1,0,0,0,0,0,0,0,0,0,0,0,0,0,0,0,0,0,2,3,2,2,0,0,1,0,35956072.314404845,39077842.346749604,10455417.140094971,7130067.770065824,316713487.4175248,0.012386317258642249
0,0,1,0,0,0,0,0,0,0,0,0,1,1,1,0,0,0,0,0,0,0,0,0,0,0,0,0,0,0,0,0,0,0,0,0,0,0,0,0,0,1,0,1,0,0,2,0,0,0,0,42209452.87027405,8310422.59295256,4632469.228310292,0.0,253624623.32529008,0.05668463649160437
0,0,1,0,0,0,0,0,0,0,0,1,1,1,1,0,0,0,0,0,0,0,0,0,0,0,0,0,0,0,0,0,0,0,0,0,0,0,0,0,3,0,0,2,0,0,2,1,0,0,0,35955686.076172546,64987486.06253502,11186012.69617383,867504.8258582351,317663852.9486029,0.026537262443731745
0,0,1,0,0,0,0,0,0,0,0,1,1,1,1,0,1,0,0,0,0,0,0,0,0,3,0,0,0,0,0,0,0,0,0,0,0,0,0,0,0,0,0,6,1,3,0,1,3,0,0,12332363.77283736,182910587.81290117,5578976.143733281,7821265.315438099,441701897.0484872,0.00375820136596466
0,0,1,0,0,0,0,0,0,0,0,1,1,1,1,0,1,0,0,0,0,0,0,0,0,3,0,0,0,0,0,0,0,0,0,0,0,0,0,0,0,0,1,2,4,5,0,1,1,0,0,12332363.77283736,190106666.66277772,4016639.598987912,10258820.625745147,444697911.6398928,0.004015678023402712
0,0,1,0,0,0,0,0,0,0,0,1,1,1,1,0,0,0,0,0,0,0,0,0,0,3,0,0,0,0,0,0,0,0,0,0,0,0,0,0,0,1,2,2,0,0,2,1,1,0,0,39468462.58282382,67525246.80122958,2236542.0386195704,867504.8258582351,326891207.4634136,0.0023909654896105375
0,0,1,0,0,0,0,0,0,0,0,1,1,1,1,0,0,0,0,0,0,0,0,0,0,3,0,0,0,0,0,0,0,0,0,0,0,0,3,0,0,2,0,1,0,2,3,0,0,1,0,40514026.53585817,33530420.273956403,730595.5560788603,0.0,324900132.42592984,0.002109090737485607
0,0,1,0,0,0,0,0,0,0,0,0,1,1,1,0,0,1,0,0,0,0,0,0,0,3,0,0,0,0,0,0,0,0,0,0,0,0,3,0,0,0,0,1,4,2,3,0,3,0,0,38090788.2168302,7739262.174450218,6218591.18821376,0.0,440181297.6097956,0.004519409949854494
0,0,1,0,0,0,0,0,0,0,0,0,1,0,0,0,0,1,0,0,0,0,0,0,0,3,0,0,0,0,0,0,0,0,0,0,0,3,0,0,0,3,0,3,0,6,0,0,0,1,2,23442458.245673344,31899305.200094275,0.0,0.0,393251085.9829576,0.008680027388139135
0,0,1,0,0,0,0,0,0,0,0,0,1,1,1,0,0,1,0,0,0,0,0,0,0,0,0,0,0,0,0,0,0,1,0,0,0,0,3,0,0,3,0,2,0,3,3,0,0,1,0,43788467.100180015,4983533.361191993,0.0,0.0,458442152.9006208,0.020210765365629532
0,0,1,0,0,0,0,0,0,0,0,1,1,0,1,0,1,1,0,0,0,0,0,0,0,4,0,0,0,0,0,0,0,0,0,0,0,0,0,0,0,0,3,2,0,2,0,0,1,0,0,5219951.05467151,163981895.4759275,1591267.575461118,0.0,489107597.0614014,0.0031179721171582316
0,0,1,0,0,0,0,0,0,0,0,0,1,1,1,0,1,0,0,0,0,0,0,0,0,0,0,0,0,0,0,0,0,0,0,0,0,0,3,0,0,0,0,2,0,5,0,3,1,0,0,14828418.616452496,159290113.38632348,5723886.273439266,7089831.2725090105,435045606.3687188,0.04668081935064801
0,0,1,0,0,0,0,0,0,0,0,1,1,1,1,0,0,0,0,0,0,0,0,0,0,3,0,0,0,0,0,0,0,0,0,0,0,0,0,0,0,1,2,2,2,0,2,0,0,0,0,39468462.58282382,46143264.222942874,2236542.0386195704,22447737.29925565,302676721.55850834,0.005896426251378709
0,0,1,0,0,0,0,0,0,0,0,1,1,0,1,0,1,0,0,0,0,0,0,0,0,2,0,0,0,0,0,0,0,0,0,0,0,0,0,0,0,1,3,3,0,1,0,0,1,0,0,22747903.47391259,176360831.76762635,708483.2227107715,23662127.586295944,404958222.06809866,0.010527783348696858
0,0,1,0,0,0,0,0,0,0,0,0,1,1,1,0,0,0,0,0,0,0,0,0,0,2,0,0,0,0,0,0,0,0,0,0,0,0,0,0,0,1,0,5,0,5,2,0,1,1,0,42209999.424954206,8310969.147632712,3878310.643875577,0.0,325794107.385613,0.008408941881966992
0,0,1,0,0,0,0,0,0,0,0,0,1,0,0,0,0,1,0,0,0,0,0,0,0,0,0,0,7,0,0,0,0,0,0,0,0,0,1,0,0,1,1,2,0,2,0,0,0,1,0,21308758.01741777,21524745.17233598,0.0,0.0,432139516.4198191,0.09128392196513023
0,0,0,0,1,0,0,0,0,0,0,0,1,0,1,0,0,0,0,0,0,0,0,0,0,3,0,0,0,0,0,4,0,0,0,0,3,0,0,0,0,1,0,2,0,2,4,0,1,0,0,119538376.38092354,2283853.4624879137,4810066.444919465,0.0,312396185.44133526,0.0004679861873822127
0,0,1,0,0,0,0,0,0,0,0,0,1,1,1,0,0,0,0,0,0,0,0,0,0,3,0,0,0,0,0,0,0,0,0,0,3,0,0,0,0,4,0,0,1,2,3,0,1,1,0,69091134.70048615,4846380.844579739,0.0,0.0,337411463.43661034,0.00399758045460189
0,0,1,0,0,0,0,0,0,0,1,0,1,1,1,0,0,1,0,0,0,0,0,0,0,0,0,0,0,0,0,0,0,0,0,0,0,0,3,1,0,3,0,5,1,3,4,0,1,0,0,74982425.00687319,2451900.753068057,0.0,0.0,489930115.71519387,0.016788963232094348
0,0,1,0,0,0,0,0,0,0,0,0,1,0,1,0,1,0,0,0,0,0,0,0,0,3,0,0,0,0,0,0,0,0,0,0,0,0,1,0,0,3,0,0,0,1,0,0,0,0,0,25787328.017742075,138533920.32113403,0.0,38886774.73612833,377504809.28498983,0.013274502342381644
0,0,1,0,0,0,0,0,0,0,0,0,1,0,1,0,0,0,0,0,0,0,0,0,0,0,0,0,0,0,0,0,0,0,0,0,0,0,0,0,0,1,1,2,0,0,3,0,0,0,0,49024103.787833385,17601964.815221727,1286600.0851498842,0.0,253663329.06817356,0.10641299418412893
0,0,1,0,0,0,0,0,0,0,0,0,1,1,1,0,1,0,0,0,0,0,0,0,0,0,0,0,0,0,0,0,0,0,0,0,0,0,0,0,0,0,3,3,0,8,0,0,1,0,0,14828418.616452496,145370853.7865544,2755053.9827514943,20018046.13005061,408138307.30356973,0.06681748039270585
0,0,1,0,0,0,0,0,0,0,0,0,1,1,1,0,1,0,0,0,0,0,0,0,0,2,0,0,0,0,0,0,0,0,0,0,0,0,0,0,0,1,1,4,0,1,0,0,1,0,0,22747903.47391259,143562248.71995175,815372.3766789099,23662127.586295944,403295078.7965409,0.010540868529738887
0,0,1,0,0,0,0,0,0,0,0,1,1,0,1,0,1,0,0,0,0,0,0,0,0,3,0,0,0,0,0,0,0,0,0,0,0,0,0,0,0,0,1,2,0,3,0,1,1,0,0,14829753.863397347,189681991.38947132,3463537.2054622658,7821265.315438099,408288830.8478306,0.0061411193966490925
0,0,0,0,0,0,0,0,0,0,0,0,1,1,1,0,0,0,0,0,0,0,0,0,0,3,2,0,0,0,0,1,0,0,0,0,0,0,0,0,0,3,0,1,3,1,3,0,0,0,0,118998909.85831694,4693650.930462755,0.0,0.0,254530936.55470923,0.005498268490653529
0,0,1,0,0,0,0,0,0,0,0,1,1,0,1,0,1,0,0,0,0,0,0,0,0,3,0,0,0,0,0,0,0,0,0,0,0,0,0,0,0,0,5,2,0,3,0,0,1,0,0,14829753.863397347,178687606.48700905,2755053.9827514943,20018046.13005061,401069161.2846102,0.008018097647124703
0,0,1,0,0,0,0,0,0,0,0,0,1,1,1,0,0,1,0,0,0,0,0,0,0,3,0,0,0,0,0,0,0,0,0,0,0,0,0,0,0,0,1,2,0,1,0,0,0,1,0,14829753.863397347,22748187.96029775,3463537.2054622658,30020524.815875866,402238618.04131323,0.009676525196710483
0,0,1,0,0,0,0,0,0,0,0,1,1,1,1,0,1,0,0,0,0,0,0,0,0,3,0,0,0,0,0,0,0,0,0,0,0,0,0,0,0,0,3,3,7,0,0,0,1,0,0,12332363.77283736,177344653.8502391,2789488.0718666404,31134597.0823606,435075420.34479576,0.007237594063979336
0,0,1,0,0,0,0,0,0,0,0,1,1,1,1,0,0,1,0,0,0,0,0,0,0,3,0,0,0,0,0,0,0,0,0,0,0,0,0,0,0,0,0,1,0,7,0,0,5,0,0,12332363.77283736,43032363.772837356,8033279.197975824,14179662.545018021,420822024.8623127,0.004998914336962165
0,0,0,0,0,0,0,0,0,0,0,0,1,0,1,0,0,0,0,0,0,0,0,0,0,3,2,0,0,0,0,3,0,0,0,0,3,0,0,0,0,1,0,1,0,5,3,0,0,0,0,148252115.0660977,2283853.4624879137,6176911.7858297415,13820979.15073882,245742940.8623175,0.0028671089411193176
0,0,1,0,0,0,0,0,0,0,0,1,1,1,1,0,0,0,0,0,0,0,0,0,0,3,0,0,0,0,0,0,0,0,0,0,0,0,0,0,0,0,1,2,5,3,2,1,0,0,0,35956482.69252666,68500183.19090243,7281601.719647341,867504.8258582351,319437612.53234965,0.0028398451983140836
0,0,1,0,0,0,0,0,0,0,0,1,1,1,1,0,1,0,0,0,0,0,0,0,0,0,0,0,0,5,0,0,0,0,0,0,0,0,0,0,0,0,0,6,0,2,0,0,1,0,0,12331220.097443707,164231220.0974437,5578976.143733281,23686630.604726426,470691051.93474746,0.05246408526436133
0,0,0,0,0,0,0,0,0,0,0,0,1,0,0,0,0,0,0,0,0,0,0,0,0,0,2,0,0,0,0,3,0,0,0,0,3,0,1,0,0,3,0,0,0,5,4,0,0,0,0,151497522.6763135,371063.1709447927,0.0,0.0,218376587.019876,0.002686776355922304
0,0,1,0,0,0,0,0,0,0,0,1,1,1,1,0,0,1,0,0,0,0,0,0,0,3,0,0,0,0,0,0,0,0,0,0,0,0,5,0,0,0,1,5,1,0,0,7,0,0,0,12332363.77283736,84893683.74095666,4016639.598987912,7089831.2725090105,450460341.24389297,0.0035067949624067434
0,0,1,0,0,0,0,0,0,0,0,0,1,1,1,0,0,1,0,0,0,0,0,0,0,0,0,0,0,0,0,0,0,0,0,0,0,0,0,0,0,0,0,1,0,1,2,0,0,6,0,35316817.311598726,7738587.343943487,7033963.56489267,0.0,413360517.63466036,0.043468069938246
0,0,1,0,0,0,0,0,0,0,0,1,1,1,1,0,0,0,0,0,0,0,0,0,0,0,0,0,0,0,0,0,0,0,0,0,0,0,1,0,0,0,0,2,3,1,3,0,0,0,0,37861477.32503905,38209951.28265907,10455417.140094971,0.0,304680873.7764424,0.02475240239494598
0,0,1,0,0,0,0,0,0,0,0,1,1,0,1,0,1,0,0,0,0,0,0,0,0,3,0,0,0,0,0,0,0,0,0,0,0,0,0,0,0,2,0,1,1,3,0,3,0,0,0,23157814.36707644,187342347.89009726,213778.30793627666,10733912.728754342,394872672.87569106,0.006314631813761467
0,0,1,0,0,0,0,0,0,0,0,1,1,1,1,0,0,0,0,0,0,0,0,0,0,3,0,0,0,0,0,0,0,0,0,0,0,0,0,0,0,0,1,2,0,1,2,0,0,0,0,35956482.69252666,42590232.61516858,7281601.719647341,17920184.00676453,293402415.9969475,0.00561000024049614
0,0,1,0,0,0,0,0,0,0,0,0,1,1,1,0,0,0,0,0,0,0,0,0,0,3,0,0,0,0,0,3,0,0,0,0,0,0,0,0,0,1,0,2,0,4,4,0,1,0,0,91997670.24449067,4457053.814527223,4521502.7401814405,0.0,326687845.9611598,0.0038444854442585964
0,0,1,0,0,0,0,0,0,0,0,0,1,1,1,0,1,0,0,0,0,0,0,0,0,3,0,0,0,0,0,0,0,0,0,0,0,0,0,0,0,0,6,2,0,0,0,0,0,1,0,14829753.863397347,149505292.79953268,2755053.9827514943,30020524.815875866,402191706.9864052,0.009609511695176341
0,0,1,0,0,0,0,0,0,0,0,0,1,0,1,0,0,1,0,0,0,0,0,0,0,3,0,0,7,0,0,0,0,0,0,0,0,0,3,0,0,1,0,2,0,1,0,0,0,1,0,24256374.133877106,17935573.824210867,1203188.1374852662,23332064.841676995,465676934.2452998,0.010914923285171492
0,0,1,0,0,0,0,0,0,0,0,1,1,1,1,0,0,0,0,0,0,0,0,0,0,4,0,0,0,0,0,0,0,0,0,0,0,0,0,0,0,0,1,2,3,1,2,0,1,0,0,35956615.46191901,42590314.92173412,7281601.719647341,1735009.6517164703,314084994.7632892,0.0029809046691700114
0,0,1,0,0,0,0,0,0,0,0,1,1,1,1,0,1,0,0,0,0,0,0,0,0,0,0,0,0,0,0,0,0,0,0,0,0,0,0,0,0,0,6,3,0,3,0,0,1,0,0,12331220.097443707,181476156.50198936,2789488.0718666404,31134597.0823606,434187135.62825763,0.060313283866494476
0,0,1,0,0,0,0,0,0,0,0,0,1,1,1,0,0,1,0,0,0,0,0,0,0,0,0,0,0,0,0,0,0,3,0,0,0,0,0,0,0,0,0,1,0,7,0,0,6,0,0,14828418.616452496,14828418.616452496,8043618.158202371,14179662.545018021,441274621.966835,0.04532522189835638
0,0,0,0,0,0,0,0,0,0,0,0,1,1,1,0,0,0,0,0,0,0,0,0,0,0,2,0,0,0,0,0,0,0,0,0,3,0,0,0,0,4,0,1,0,2,4,0,0,0,0,109371541.49989077,4845993.89206516,0.0,0.0,236758952.3218355,0.03331317045501574
0,0,1,0,0,0,0,0,0,0,0,0,1,1,1,0,0,0,0,0,0,0,0,0,0,0,0,0,0,0,0,0,0,0,3,0,0,0,1,6,0,2,3,3,3,5,2,0,1,1,1,41532963.653003365,15412265.915085014,251386.19481157162,1056488.1653252668,460348789.1317185,0.029523252232066092
0,0,1,0,0,0,0,0,0,0,0,0,1,1,1,0,0,0,0,0,0,0,0,0,0,0,0,0,0,0,0,0,0,0,0,0,0,0,0,0,6,0,0,2,7,6,2,0,1,0,0,38836609.10157781,11258379.133922566,10025609.920627162,0.0,342427051.64762586,0.05645422863663628
0,0,1,0,0,0,0,0,0,0,0,0,1,1,1,0,0,0,0,0,0,0,0,0,0,3,0,0,0,0,0,0,0,0,0,0,0,0,0,0,0,1,0,1,0,2,2,0,0,0,0,42210131.88408845,8311101.606766961,4381083.03349872,0.0,261217834.85462892,0.006777155421186214
0,0,1,0,0,0,0,0,0,0,0,0,1,1,1,0,0,0,0,0,0,0,0,0,0,0,0,0,0,0,0,0,0,0,0,0,0,0,0,3,0,3,0,1,0,2,2,0,0,0,0,42402904.935278066,6371267.271014771,0.0,0.0,281113417.0077033,0.0451318794625771
0,0,1,0,0,0,0,0,0,0,0,0,1,1,1,0,0,1,0,0,0,0,0,0,0,0,0,0,7,0,0,0,0,0,0,0,0,0,2,0,0,0,0,2,0,1,0,0,0,0,0,14828418.616452496,14828418.616452496,5723886.273439266,46381400.73128104,477323892.61144054,0.09880736461900796
0,0,1,0,0,0,0,0,0,0,0,1,1,1,1,0,0,1,0,0,0,0,0,0,0,1,0,0,0,0,0,0,0,0,1,0,0,0,0,0,0,0,3,3,0,5,0,0,2,0,0,12331774.606725479,56143856.575780414,2789488.0718666404,25570014.542314872,462195215.8591381,0.016993338258899933
0,0,1,0,0,0,0,0,0,0,0,0,1,1,1,0,0,0,0,0,0,0,0,0,0,3,0,0,0,0,0,0,0,0,0,0,0,0,0,0,0,0,0,1,0,5,2,0,0,0,0,38837605.10070469,11259375.133049449,13652534.369691167,0.0,267558740.11517775,0.007588086088351927
0,0,1,0,0,0,0,0,0,0,0,0,1,1,1,0,0,0,0,0,0,0,0,0,0,0,0,0,0,0,0,3,0,0,0,0,0,0,0,0,0,1,0,1,0,4,5,0,0,0,0,95296865.49539176,4456689.782330907,6085382.772032896,0.0,301511140.18472815,0.033344781396898115
0,0,1,0,0,0,0,0,0,0,0,0,1,1,1,0,0,1,0,0,0,0,0,0,0,0,0,0,0,0,0,0,0,0,0,0,0,0,0,0,0,0,0,2,0,6,2,0,1,7,0,35316817.311598726,7738587.343943487,5723886.273439266,0.0,452571207.34832865,0.042438412786290486
0,0,1,0,0,0,0,0,0,0,0,0,1,1,1,0,0,0,0,0,0,0,0,0,0,1,0,0,0,0,0,0,0,0,3,0,0,0,0,3,0,0,2,2,0,1,2,0,0,1,0,38837092.01024539,13954981.753657639,5138498.057719367,13666354.19800533,363420578.88736606,0.0195299096860503
0,0,1,0,0,0,0,0,0,0,0,0,0,0,1,0,1,0,0,0,0,0,0,0,0,4,0,0,0,0,0,0,0,0,0,0,0,0,0,0,0,0,0,0,0,2,0,0,1,0,0,16654614.04650719,137854614.04650718,6660694.815025727,0.0,350476983.1810086,0.018340400129446342
0,0,1,0,0,0,0,0,0,0,0,1,1,0,1,0,1,0,0,0,0,0,0,0,0,3,0,0,0,0,0,0,0,0,0,0,0,0,0,0,0,1,1,1,0,5,0,0,3,0,0,22748187.96029775,174262521.6121391,815372.3766789099,21467825.457508683,407316832.99265,0.008080117119832995
0,0,1,0,0,0,0,0,0,0,0,1,1,1,1,0,0,1,0,0,0,0,0,0,0,3,0,0,0,0,0,0,0,0,0,0,0,1,3,0,0,0,0,1,4,5,0,0,3,0,0,12332363.77283736,63331651.400158055,6806127.670854552,14179662.545018021,466964948.6194128,0.004883977692848811
0,0,0,0,0,0,0,0,0,0,0,0,1,1,1,0,0,0,0,0,0,0,0,0,0,3,2,0,0,0,0,3,0,0,0,0,0,0,0,0,0,3,0,2,0,2,4,0,1,7,0,129124510.69123185,2196083.6372245066,0.0,0.0,327708867.5213618,0.003409072951576482
0,0,1,0,0,0,0,0,0,0,0,0,1,1,1,0,0,0,0,0,0,0,0,0,0,3,0,0,0,0,0,0,0,0,0,0,0,0,0,0,0,4,0,1,0,2,2,0,0,0,0,43645180.6023733,6371755.272553015,0.0,0.0,261735636.94626945,0.006361322256114162
0,0,0,0,0,0,0,0,0,0,0,0,1,0,1,0,0,0,0,0,0,0,0,0,0,3,2,0,0,0,0,0,0,0,0,0,0,0,0,0,0,2,0,1,0,0,2,0,0,0,0,83231506.90684326,11065993.482564166,0.0,0.0,195655635.92249364,0.012649043519600563
0,0,1,0,0,0,0,0,0,0,0,1,1,1,1,0,0,0,0,0,0,0,0,0,0,0,0,0,0,0,0,0,0,0,0,0,0,0,0,0,0,0,0,1,0,2,2,0,0,0,0,35955686.076172546,39077456.108517304,14563203.439294683,8865077.421782294,284634392.82080746,0.040018396052456856
0,0,1,0,0,0,0,0,0,0,0,0,1,1,1,0,1,0,0,0,0,0,0,0,0,0,0,0,0,0,0,0,0,0,0,0,0,0,3,0,0,0,1,2,0,6,0,3,0,0,0,14828418.616452496,163564342.935949,3463537.2054622658,7089831.2725090105,413747220.04673123,0.045035972491353826
0,0,0,0,1,0,0,0,0,0,0,0,1,1,1,0,0,0,0,0,0,0,0,0,0,3,0,0,0,0,0,0,0,0,0,0,1,0,0,0,0,2,0,1,0,2,3,0,0,0,0,63080684.5679639,5097790.678741445,502772.38962314324,0.0,274287459.8486298,0.004047582370214512
0,0,1,0,0,0,0,0,0,0,1,0,1,1,1,0,0,0,0,0,0,0,0,0,0,0,0,0,0,0,7,0,0,1,0,0,0,0,3,0,3,2,0,1,3,0,3,0,7,0,0,71213795.64157249,2830189.3796707294,730595.5560788603,0.0,476578568.9151282,0.012249254696792129
0,0,1,0,0,0,0,0,0,0,0,0,1,0,1,0,0,0,0,0,0,0,0,0,0,2,0,0,0,0,0,0,0,0,0,0,0,0,0,0,0,1,0,1,0,2,2,0,0,0,0,46251567.2420354,12352536.964713905,2573200.1702997684,0.0,252180122.90957108,0.016112593855737975
0,0,1,0,0,0,0,0,0,0,0,1,1,1,1,0,0,1,0,0,0,0,0,0,0,0,0,0,0,0,0,0,0,0,0,0,0,0,0,0,0,0,1,2,3,5,0,0,1,0,0,12331220.097443707,55237650.33999876,4016639.598987912,31134597.0823606,437842392.48673475,0.06127108923410576
0,0,1,0,0,0,0,0,0,0,0,1,1,1,1,0,0,0,0,0,0,0,0,0,0,3,0,0,0,0,0,0,0,0,0,0,0,0,0,0,0,0,7,3,0,3,2,0,7,0,0,35956482.69252666,52822292.33018966,5045059.681027771,6262562.944207589,342663527.9678953,0.00350227137248876
0,0,1,0,0,0,0,0,0,0,0,0,1,1,1,0,0,1,0,0,0,0,0,0,0,0,0,0,7,0,0,0,0,0,0,0,0,0,0,0,0,0,0,1,7,1,0,3,0,0,0,14828418.616452496,38090113.386323474,6218591.18821376,7089831.2725090105,463956496.8371428,0.05222543608593268
0,0,1,0,0,0,0,0,0,0,0,1,1,1,1,0,1,0,0,0,0,0,0,0,0,3,0,0,0,0,0,0,0,0,0,0,0,0,0,0,0,0,0,3,0,2,0,0,2,0,0,12332363.77283736,164232363.77283734,5578976.143733281,14179662.545018021,404762342.49866843,0.004769041048735455
0,0,1,0,0,0,0,0,0,0,0,0,1,0,1,0,0,1,0,0,0,0,0,0,0,0,0,0,0,0,0,0,0,0,0,0,0,0,1,0,0,7,0,2,0,2,0,0,1,6,0,31594141.221161388,17332489.439662136,0.0,15554709.894451331,438867870.7223668,0.07971248072054048
0,0,1,0,0,0,0,0,0,0,0,0,1,1,1,0,0,0,1,0,0,0,0,0,0,3,0,0,0,0,0,0,0,0,0,0,0,0,0,0,0,3,0,2,0,0,5,0,0,0,0,50114006.03781973,4983922.5009171795,0.0,0.0,376059383.0242799,0.004584755574723213
0,0,1,0,0,0,0,0,0,0,0,0,1,1,1,0,0,0,0,0,0,0,0,0,0,0,0,0,0,0,0,3,0,0,0,0,0,0,1,0,0,6,0,1,5,1,7,0,0,0,0,106818609.51925805,2195938.4122401867,0.0,0.0,337209976.43382204,0.01136357650525494
0,0,0,0,0,0,0,0,0,0,0,0,1,1,1,0,0,0,0,0,0,0,0,0,0,3,2,0,0,0,0,0,0,0,0,0,3,0,0,0,0,3,0,1,0,0,3,0,0,0,0,105104550.27203122,4846380.844579739,0.0,0.0,223581229.01927873,0.00399758045460189
0,0,1,0,0,0,0,0,0,0,0,1,1,1,1,0,1,0,0,0,0,0,0,0,0,0,0,0,0,0,0,0,0,0,0,0,0,0,0,0,0,0,6,2,0,0,0,3,1,0,1,12331220.097443707,197289884.79422614,2789488.0718666404,7089831.2725090105,458977940.40403324,0.02826548598577824
0,0,1,0,0,0,0,0,0,0,0,1,1,1,1,0,0,0,0,0,0,0,0,0,0,3,0,0,0,0,0,0,0,0,0,0,0,0,0,0,0,0,0,1,0,0,3,0,1,0,0,37862194.56310929,38210668.52072931,16799745.47791425,0.0,300891753.7528508,0.0035755434686964363
0,0,1,0,0,0,0,0,0,0,0,0,1,1,1,0,1,0,0,0,0,0,0,0,0,0,0,0,0,0,0,0,0,0,0,0,0,0,0,0,0,1,0,2,0,2,0,3,0,0,0,22746729.62232335,157243542.62628275,1416966.445421543,10733912.728754342,387333182.989226,0.05356435439302089
0,0,1,0,0,0,0,0,0,0,0,0,1,1,1,0,0,1,0,0,0,0,0,0,0,0,0,0,0,0,0,0,0,0,0,0,0,0,0,0,0,0,1,0,0,6,2,0,0,1,0,35316817.311598726,12012816.893569006,4880503.650883809,0.0,401391283.5521291,0.041910457619232
0,0,1,0,0,0,0,0,0,0,0,1,1,1,1,0,1,0,0,0,0,0,0,0,0,3,0,0,0,0,0,0,0,0,0,0,0,0,0,0,0,0,4,2,5,2,0,0,7,0,0,12332363.77283736,178586441.51579612,2789488.0718666404,21627629.022652194,451707148.949889,0.0057109448809914325
0,0,1,0,0,0,0,0,0,0,0,0,1,0,0,0,0,1,0,0,0,0,0,0,0,3,0,0,0,0,0,0,0,0,0,0,0,0,0,0,0,0,1,0,0,2,0,0,1,0,0,16654402.241507301,21309850.858731538,1665173.7037564318,0.0,352051242.50786096,0.017917250316495412
0,0,1,0,0,0,0,0,0,0,0,0,1,1,1,0,0,1,0,0,0,0,0,0,0,0,0,0,0,0,0,0,0,0,1,0,0,0,0,0,0,0,0,3,0,2,1,0,1,0,0,33507235.4730463,8470021.386872575,5510107.965502989,1462868.0858581765,429243788.7719956,0.03566611464727292
0,0,1,0,0,0,0,0,0,0,0,1,1,1,1,0,0,1,0,0,0,0,0,0,0,0,0,0,0,0,0,0,0,0,0,0,0,0,0,0,0,0,0,2,0,2,0,0,0,0,0,12331220.097443707,43031220.09744371,5792754.451669558,57793055.79544757,419619122.6451858,0.0978936418874736
0,0,1,0,0,0,0,0,0,0,0,1,1,1,1,0,0,0,0,0,0,0,0,0,0,0,0,0,0,0,0,0,0,0,0,0,0,0,0,0,0,0,3,0,3,2,3,0,1,1,0,37861477.32503905,41618299.29823935,5045059.681027771,0.0,338225521.98492026,0.020707055926589907
0,0,1,0,0,0,0,0,0,0,0,1,1,0,1,0,1,0,0,0,0,0,0,0,0,3,0,0,0,0,0,0,0,0,0,0,0,0,0,4,0,0,0,1,0,6,0,2,0,0,0,14829753.863397347,187217492.1421055,6927074.4109245315,7089831.2725090105,408824680.4050582,0.005921214634267889
0,0,1,0,0,0,0,0,0,0,0,1,1,1,1,0,0,0,0,0,0,0,0,0,0,0,0,0,0,0,0,0,0,0,0,0,0,0,0,0,0,0,0,1,0,1,2,0,0,0,0,35955686.076172546,39077456.108517304,14928501.217334112,8865077.421782294,283953854.3891789,0.04032307828161671
0,0,1,0,0,0,0,0,0,0,0,0,1,1,1,0,0,1,0,0,0,0,0,0,0,0,0,0,0,0,0,0,0,0,0,0,0,0,0,0,0,2,0,1,4,1,1,0,0,0,0,38191150.86378473,5821856.558089219,213778.30793627666,3657170.214645441,384538322.93116015,0.043277678091560925
0,0,1,0,0,0,0,0,0,0,1,0,1,1,1,0,0,0,0,0,0,0,0,0,0,0,0,0,0,0,7,0,0,0,0,0,0,0,1,0,0,6,0,5,0,0,3,0,0,0,0,76102875.64278938,2464891.601631299,0.0,0.0,364641809.299052,0.016966391687393688
0,0,1,0,0,0,0,0,0,0,0,1,1,0,1,0,1,1,0,0,0,0,0,0,0,3,0,0,0,0,0,0,0,0,0,0,0,0,0,0,0,0,3,1,0,4,0,0,3,0,0,5219874.752565386,163981847.13094863,1591267.575461118,0.0,495719573.4136524,0.0031179721171582316
0,0,1,0,0,0,0,0,0,0,0,0,1,0,1,0,1,1,0,0,0,0,0,0,0,0,0,0,0,0,0,0,0,0,0,0,0,0,0,0,0,0,0,1,7,6,0,0,0,0,1,8053828.219266026,129253828.21926603,2280040.4861275144,0.0,488372178.8832831,0.0592620741518797
0,0,1,0,0,0,0,0,0,0,0,1,1,1,1,0,0,1,0,0,0,0,0,0,0,0,0,0,0,0,0,0,0,0,0,0,0,0,0,0,0,0,6,2,0,1,0,0,1,5,0,12331220.097443707,60276156.50198935,2789488.0718666404,24796618.37588833,461239088.3195486,0.051831899516561676
0,0,1,0,0,0,0,0,0,0,0,0,1,1,1,0,0,0,0,0,0,0,0,0,0,0,0,0,0,0,0,0,0,0,0,0,0,0,0,0,0,0,0,1,0,1,3,0,0,0,0,41609905.17630255,11258379.133922566,13903920.564502738,0.0,265669370.73620728,0.06344239205131864
0,0,1,0,0,0,0,0,0,0,0,1,1,1,1,0,0,0,0,0,0,0,0,0,0,0,0,0,0,0,0,0,0,0,0,0,0,0,0,0,0,0,0,2,0,2,2,0,0,0,0,35955686.076172546,39077456.108517304,10820714.9181344,17920184.00676453,291217395.53343904,0.049317205566089026
0,0,1,0,0,0,0,0,0,0,0,1,1,1,1,0,1,0,0,0,0,0,0,0,0,0,0,0,0,0,0,0,0,1,0,0,0,0,2,0,0,0,3,1,3,5,0,3,0,0,0,12331220.097443707,193156834.4920561,2789488.0718666404,7089831.2725090105,474331322.2437364,0.01967514199665304
0,0,1,0,0,0,0,0,0,0,0,0,1,0,1,0,0,1,0,0,0,0,0,0,0,3,0,0,0,0,0,0,0,0,0,0,0,0,1,0,0,3,0,0,0,2,0,0,0,1,0,25787328.017742075,17333920.321134023,0.0,23332064.841676995,388104394.7856057,0.010801832571770451
0,0,1,0,0,0,0,0,0,0,0,0,1,1,1,0,1,0,0,0,0,0,0,0,0,3,0,0,0,0,0,0,0,0,0,0,0,0,0,0,0,0,0,3,0,6,0,0,1,0,0,14829753.863397347,136029753.86339733,5510107.965502989,16373964.673805287,392117721.8849906,0.007680982116826059
0,0,1,0,0,0,0,0,0,0,0,1,1,1,1,0,0,1,0,0,0,0,0,0,0,0,0,0,0,0,0,0,0,0,0,0,0,0,0,0,3,0,3,2,7,0,0,0,0,0,0,12331220.097443707,56143106.1998193,2789488.0718666404,65241022.27308175,466521771.2616956,0.10556837140904637
0,0,1,0,0,0,0,0,0,0,0,0,1,0,1,0,1,0,0,0,0,0,0,0,0,0,0,0,0,0,0,0,0,0,0,0,0,0,0,0,0,1,2,6,0,1,0,1,0,0,0,24254883.81807101,163374972.25286266,601594.0687426331,7777354.947225666,384769269.3048228,0.10135553492010967
0,0,1,0,0,0,0,0,0,0,0,0,1,1,1,0,0,0,0,0,0,0,0,0,0,0,0,0,5,0,0,0,0,0,0,0,0,0,0,0,1,0,0,7,0,2,2,0,0,1,0,38836609.10157781,11258379.133922566,9774223.72581559,0.0,368970764.6759878,0.056245887321583685
0,0,1,0,0,0,0,0,0,0,0,1,1,1,1,0,0,0,0,0,0,0,0,0,0,0,0,0,0,0,0,0,0,0,0,0,0,0,0,0,0,0,3,2,0,2,2,1,1,0,0,35955686.076172546,68395834.0781153,5045059.681027771,867504.8258582351,332921814.1211174,0.021882551517055975
0,0,1,0,0,0,0,0,0,0,0,0,1,1,1,0,0,0,1,0,0,0,0,0,0,0,0,0,0,0,0,0,0,0,0,0,0,0,0,0,0,0,3,1,7,3,0,3,1,0,1,14828418.616452496,43788467.100180015,2755053.9827514943,7089831.2725090105,463336602.08610153,0.04963816661496316
0,0,1,0,0,0,0,0,0,0,0,1,1,1,1,0,0,0,0,0,0,0,0,0,0,0,0,0,0,0,0,0,0,0,0,0,0,0,0,0,0,0,0,2,7,0,2,1,1,0,0,35955686.076172546,64987486.06253502,10455417.140094971,867504.8258582351,335680741.0466568,0.025927897985412042
0,0,1,0,0,0,0,0,0,0,0,0,1,1,1,0,0,0,0,0,0,0,0,0,0,0,0,0,0,0,0,0,0,0,0,0,0,0,0,3,0,1,0,1,3,3,2,0,0,0,0,42209452.87027405,8310422.59295256,4129696.838687149,0.0,293310180.722249,0.04838881452312495
0,0,1,0,0,0,0,0,0,0,0,0,1,1,1,0,1,0,0,0,0,0,0,0,0,3,0,0,0,0,0,0,0,0,0,0,0,0,0,7,0,0,0,2,0,7,0,3,0,0,0,14829753.863397347,159290788.21683022,5723886.273439266,7089831.2725090105,421460553.59164184,0.00580812392086685
0,0,1,0,0,0,0,0,0,0,0,0,1,1,1,0,0,0,0,0,0,0,0,0,0,0,0,0,0,0,0,0,0,0,0,0,0,0,0,0,0,1,3,1,0,3,2,0,1,0,0,42209452.87027405,15113535.14169949,1939155.3219377885,0.0,297144219.1837486,0.054535315673698966
0,0,1,0,0,0,0,0,0,0,0,0,1,1,1,0,0,1,0,0,0,0,0,0,0,0,0,0,0,0,0,0,0,0,0,0,0,0,0,0,0,3,0,3,0,7,0,0,1,0,0,24170853.78655438,15717446.089946333,0.0,23662127.586295944,406767467.36228335,0.06962677647852789
0,0,1,0,0,0,0,0,0,0,0,0,1,1,1,0,1,0,0,0,0,0,0,0,0,0,0,0,0,0,0,0,0,0,0,0,0,0,0,0,0,3,0,1,0,5,1,0,0,0,0,39205589.18690286,126914967.40412107,0.0,3657170.214645441,379617631.6349037,0.04310320901100055
0,0,1,0,0,0,0,0,0,0,0,0,1,1,1,0,0,0,0,0,0,0,0,0,0,1,0,0,0,0,0,0,0,0,0,0,0,0,0,0,0,3,3,1,0,1,2,0,0,0,0,42403141.542084485,15721441.181409892,0.0,0.0,269668534.5090078,0.019083966768342488
0,0,1,0,0,0,0,0,0,0,0,0,1,1,1,0,0,1,0,0,0,0,0,0,0,3,0,0,0,0,0,1,0,0,0,5,0,0,0,0,0,2,0,1,0,3,2,0,0,0,0,75103481.36050782,1948049.2215667376,213778.30793627666,1971192.75983134,458821576.2521369,0.002161948131146973
0,0,1,0,0,0,0,0,0,0,0,1,1,1,1,0,0,0,0,0,0,0,0,0,0,0,0,0,0,0,0,0,0,0,0,0,0,0,0,0,3,0,3,2,0,2,2,0,0,3,0,35955686.076172546,47013357.4165887,5045059.681027771,11657621.062556943,345901123.1259006,0.036488638024423356
0,0,1,0,0,0,0,0,0,0,0,0,1,0,1,0,0,1,0,0,0,0,0,0,0,3,0,0,0,0,0,0,0,0,0,0,0,0,0,0,0,1,1,2,0,2,0,0,0,6,0,24256374.133877106,23870707.785718475,601594.0687426331,23332064.841676995,408274885.40648293,0.01463533396102435
0,0,1,0,0,0,0,0,0,0,0,0,1,0,0,0,0,1,0,0,0,0,0,0,0,2,0,0,0,0,0,0,0,3,0,0,0,0,0,0,0,0,0,2,0,5,0,0,0,0,3,16654154.33338243,16654154.33338243,3544125.71544914,14179662.545018021,417842852.268919,0.026328965419762915
0,0,1,0,0,0,0,0,0,0,0,0,1,1,1,0,1,0,0,0,0,0,0,0,0,3,0,0,0,0,0,0,0,0,0,0,0,0,0,4,0,0,0,1,0,4,0,1,0,0,0,14829753.863397347,154707977.9034612,6927074.4109245315,10015567.444225365,406219611.54013616,0.006391318239545372
0,0,1,0,0,0,0,0,0,0,0,1,1,1,1,0,0,0,0,0,0,0,0,0,0,2,0,0,0,0,0,0,0,0,0,0,0,0,0,0,0,0,7,0,7,0,3,0,0,0,1,37862054.64734938,47426701.74832883,5045059.681027771,0.0,315119749.04496247,0.0031060583889884865
0,0,1,0,0,0,0,0,0,0,0,0,1,1,1,0,0,0,1,0,0,0,0,0,0,2,0,0,0,0,0,0,0,0,0,0,0,0,2,5,0,0,3,6,0,5,0,0,0,0,0,14829493.38908803,24171971.59354964,2755053.9827514943,50025482.187526375,463925406.93119854,0.015216328743640449
0,0,1,0,0,0,0,0,0,0,0,1,1,1,1,0,0,1,0,0,0,0,0,0,0,0,0,0,0,0,0,0,0,0,0,0,0,0,0,0,0,0,0,0,0,1,0,0,0,1,0,12331220.097443707,43031220.09744371,12385103.814587833,25169917.213692255,409772539.18946034,0.05946988776631765
0,0,1,0,0,0,0,0,0,0,0,0,1,1,1,0,0,0,0,0,0,0,0,0,0,0,0,0,0,0,0,0,0,0,0,0,1,0,0,0,3,2,0,1,3,7,2,0,0,0,0,60306977.901374444,5097380.086876731,502772.38962314324,0.0,315224445.86214304,0.03372985308512093
0,0,1,0,0,0,0,0,0,0,0,0,1,0,0,0,0,1,0,0,0,0,0,0,0,4,0,0,0,0,0,0,0,0,0,0,0,0,0,0,0,0,0,2,0,3,0,0,1,0,0,16654614.04650719,16654614.04650719,3330347.4075128636,0.0,356187219.11063296,0.018058300254145725
0,0,1,0,0,0,0,0,0,0,0,0,1,1,1,0,0,1,0,0,0,0,0,0,0,0,0,0,0,0,0,0,0,0,0,0,0,0,0,0,0,1,3,2,0,0,2,0,1,0,0,39591046.86122425,13725801.231876709,708483.2227107715,0.0,401331784.8825283,0.03876474230214462
0,0,1,0,0,0,0,0,0,0,0,1,1,0,1,0,0,0,0,0,0,0,0,0,0,2,0,0,0,0,0,0,0,0,0,0,0,0,0,0,0,2,0,0,0,3,3,0,0,0,0,44306671.559882574,37323065.29798082,1005544.7792462865,0.0,256288526.1731785,0.008076657609174259
0,0,1,0,0,0,0,0,0,0,0,0,1,1,1,0,0,1,0,0,0,0,0,0,0,0,0,0,0,0,1,0,0,0,0,0,0,0,0,3,0,0,2,1,0,2,3,0,0,1,0,38090113.386323474,12422502.73468191,2861943.1367196324,0.0,461486459.4342145,0.03688192797467384
0,0,1,0,0,0,0,0,0,0,0,1,1,0,1,0,1,0,0,0,0,0,0,0,0,1,0,0,0,0,0,0,0,0,0,0,0,0,0,1,3,0,4,7,3,0,0,5,0,0,0,14829066.008910608,203255593.23745772,2755053.9827514943,7089831.2725090105,451574482.4875849,0.01663118638865221
0,0,1,0,0,0,0,0,0,0,0,1,1,1,1,0,0,0,0,0,0,0,0,0,0,4,0,0,0,0,0,0,0,0,0,0,0,0,3,0,0,3,0,2,7,0,3,0,0,0,0,41270054.87700082,33165121.1380128,0.0,0.0,307708888.88385093,0.0020359670024872427
0,0,1,0,0,0,0,0,0,0,0,0,1,1,1,0,0,1,0,0,0,0,0,0,0,0,0,0,0,0,0,0,0,0,0,0,0,0,0,4,0,3,0,0,0,4,0,1,1,0,0,24170853.78655438,30752181.490294807,0.0,11465346.77168343,429461116.8451202,0.04998641856529515
0,0,1,0,0,0,0,0,0,0,0,0,1,1,1,0,1,1,0,0,0,0,0,0,0,3,0,0,0,0,0,0,0,0,0,0,0,0,0,0,0,0,1,2,0,6,0,0,0,1,0,5219874.752565386,131468362.71975248,1910358.4858084726,0.0,492014713.4799167,0.0031473437034310174
0,0,1,0,0,0,0,0,0,0,0,1,1,1,1,0,1,0,0,0,0,0,0,0,0,0,0,0,0,0,0,0,0,0,0,0,0,0,0,0,0,0,0,3,0,5,0,1,1,1,0,12331220.097443707,182910036.9540375,5578976.143733281,7821265.315438099,452663333.6912265,0.03131834471637217
0,0,1,0,0,0,0,0,0,0,0,1,1,1,1,0,0,0,0,0,0,0,0,0,0,0,0,0,0,0,0,0,0,0,0,0,0,0,7,0,0,0,0,2,0,0,2,0,1,0,0,35955686.076172546,39077456.108517304,11186012.69617383,1735009.6517164703,328554887.06142235,0.027712758034197812
0,0,1,0,0,0,0,0,0,0,0,0,1,1,1,0,0,1,0,0,0,0,0,0,0,0,0,0,0,0,0,0,0,0,0,0,0,0,1,0,0,0,7,3,0,1,0,1,0,0,0,14828418.616452496,45013833.27179406,2755053.9827514943,10015567.444225365,412728194.90316045,0.048395056689214996
0,0,1,0,0,0,0,0,0,0,0,0,1,0,1,0,0,1,0,0,0,0,0,0,0,0,0,0,0,0,0,0,0,0,0,0,0,1,0,0,0,2,0,3,0,0,1,0,3,0,0,41924428.79813198,25818473.441965383,0.0,0.0,391930121.9853648,0.048615354763910046
0,0,1,0,0,0,0,0,0,0,0,1,1,1,1,0,0,0,0,0,0,0,0,0,0,1,0,0,0,0,7,0,0,0,0,0,0,0,0,0,0,0,0,3,0,5,3,0,0,0,0,37861825.076830685,38210299.0344507,10090119.362055542,0.0,349002170.5337521,0.008801179259683007
0,0,1,0,0,0,0,0,0,0,0,0,1,1,1,0,0,0,0,0,0,0,0,0,0,0,0,0,0,0,0,0,0,0,0,0,0,0,0,0,0,0,3,1,0,3,2,0,0,0,0,38836609.10157781,14824674.96762282,4887111.862907795,0.0,266135673.91261703,0.05659823789586107
0,0,1,0,0,0,0,0,0,0,0,0,1,1,1,0,1,0,0,0,0,0,0,0,0,3,0,0,0,0,0,0,0,0,0,0,0,0,0,0,0,0,0,2,0,7,0,0,7,0,0,14829753.863397347,136029753.86339733,5723886.273439266,14179662.545018021,409503637.73803675,0.007349340702535191
0,0,1,0,0,0,0,0,0,0,0,0,1,1,1,0,0,1,0,0,0,0,0,0,0,0,0,0,0,0,0,0,0,0,0,0,0,0,0,3,0,1,1,1,0,3,0,0,0,0,0,22746729.62232335,22361122.708498925,815372.3766789099,53669563.64377171,429136237.0016644,0.1066173814197321
0,0,1,0,0,0,0,0,0,0,0,0,1,0,0,0,0,1,0,0,0,0,0,0,0,0,0,0,0,0,0,0,0,0,0,0,0,0,4,0,0,0,6,1,0,3,0,1,0,0,4,16653131.411507959,52611629.79270336,1665173.7037564318,0.0,408215293.6574145,0.09245933811221614
0,0,1,0,0,0,0,0,0,0,0,0,1,1,1,0,0,1,0,0,0,0,0,0,0,0,0,0,0,0,0,0,0,0,0,0,0,0,1,0,0,1,7,3,0,2,0,1,0,0,0,22746729.62232335,45501166.116024174,708483.2227107715,13659648.900470696,423265012.28053397,0.051762798621154876
0,0,1,0,0,0,0,0,0,0,0,0,1,1,1,0,0,1,0,0,0,0,0,0,0,0,0,0,0,0,0,0,0,0,0,0,0,0,0,3,0,0,0,1,0,4,0,1,1,0,0,14828418.616452496,33507235.4730463,6927074.4109245315,7821265.315438099,427709220.537851,0.0503228377965605
0,0,1,0,0,0,0,0,0,0,0,0,1,0,1,0,1,0,0,0,0,0,0,0,0,0,0,0,0,0,0,0,0,0,0,0,0,0,0,0,0,2,2,7,0,1,0,1,0,0,0,24664569.65918392,163634076.9918168,0.0,7777354.947225666,388424426.1404414,0.100884323614272
0,0,1,0,0,0,0,0,0,0,0,1,1,0,1,0,0,0,0,0,0,0,0,0,0,0,0,0,0,0,0,0,0,0,0,0,0,0,0,0,0,0,0,2,0,2,2,0,0,0,0,38836609.10157781,41958379.13392257,10276996.115438733,0.0,261585371.0708962,0.06060213962087598
0,0,0,0,1,0,0,0,0,0,0,0,1,1,1,0,0,0,0,0,0,0,0,0,0,0,0,0,0,0,0,3,0,0,0,0,0,0,0,0,7,1,0,1,0,2,3,0,0,0,1,88971715.69747724,4456689.782330907,6085382.772032896,8044290.217061423,360421076.2245802,0.038625117353927235
0,0,1,0,0,0,0,0,0,0,0,0,1,1,1,0,1,1,0,0,0,0,0,0,0,3,0,0,0,0,0,0,0,0,0,0,0,0,3,0,0,2,0,1,0,0,0,0,0,0,0,10960519.65386237,124828439.4343406,0.0,0.0,475532464.9279798,0.002980490634407219
0,0,1,0,0,0,0,0,0,0,0,0,1,1,1,0,1,1,0,0,0,0,0,0,0,0,0,0,0,0,0,0,0,0,0,0,0,0,0,0,0,0,6,3,0,3,0,0,0,1,0,5219416.939928637,137414607.36324564,1591267.575461118,0.0,498235561.1064888,0.025983100976318597
0,0,1,0,0,0,0,0,0,0,0,1,1,1,0,0,1,0,0,0,0,0,0,0,0,3,0,0,0,0,0,0,0,0,0,0,0,1,0,0,0,1,1,2,0,0,0,3,0,0,0,22748187.96029775,213512339.6354971,815372.3766789099,10733912.728754342,403055773.472237,0.005545474775305636
0,0,1,0,0,0,0,0,0,0,0,0,1,1,1,0,0,1,0,0,0,0,0,0,0,0,0,0,0,0,0,0,0,0,0,0,0,0,3,0,0,0,0,1,3,3,0,0,0,1,0,14828418.616452496,14828418.616452496,6218591.18821376,26376443.359630536,427382331.0741229,0.07266777391703813
0,0,1,0,0,0,0,0,0,0,0,1,1,1,1,0,0,1,0,0,0,0,0,0,0,0,0,0,0,0,0,0,0,0,0,0,0,0,0,0,5,0,1,2,0,9,0,1,0,1,0,12331220.097443707,68906056.02926543,4016639.598987912,13427809.978981283,472004103.70920897,0.03770467570332234
0,0,1,0,0,0,0,0,0,0,0,1,1,1,1,0,0,0,0,0,0,0,0,0,0,3,0,0,0,0,0,0,0,0,0,0,0,0,0,0,0,1,0,2,0,5,2,0,0,0,0,39468462.58282382,36269432.30550233,4473084.077239141,17920184.00676453,295845114.99833775,0.00537505954805996
0,0,1,0,0,0,0,0,0,0,0,0,1,1,1,0,0,1,0,0,0,0,0,0,0,0,0,0,0,0,0,3,0,3,0,0,0,0,1,1,0,1,0,1,0,3,3,0,0,0,0,86447820.23116632,1932794.3160200028,3263663.38798459,0.0,496797449.74473554,0.006067540499354196
0,0,1,0,0,0,0,0,0,0,0,0,1,1,1,0,1,0,0,0,0,0,0,0,0,1,0,0,0,0,0,0,0,0,0,0,0,0,1,0,0,0,7,0,0,2,0,1,0,0,0,14829066.008910608,166214054.72131327,2755053.9827514943,10015567.444225365,402466060.7057064,0.017422220408117396
0,0,1,0,0,0,0,0,0,0,0,0,1,1,1,0,0,1,0,0,0,0,0,0,0,3,0,0,0,0,0,0,0,0,0,0,0,0,0,0,0,0,0,0,0,4,0,0,1,0,0,14829753.863397347,14829753.863397347,11020215.931005977,16373964.673805287,384948868.9534628,0.00816789978679046
0,0,1,0,0,0,0,0,0,0,0,1,1,1,1,0,0,0,0,0,0,0,0,0,0,0,0,0,0,0,0,0,0,0,0,0,0,0,0,0,3,0,2,2,0,1,3,0,0,0,0,37861477.32503905,40862269.59919251,5410357.459067201,0.0,302088231.7234986,0.02101173815574976
0,0,1,0,0,0,0,0,0,0,0,0,1,1,1,0,1,0,0,0,0,0,0,0,0,2,0,0,0,0,0,0,0,0,0,0,0,0,0,0,1,0,2,4,1,1,0,2,0,0,0,14829493.38908803,161201054.1347932,2861943.1367196324,7089831.2725090105,413413842.50624263,0.007200778174800143
0,0,0,0,0,0,0,0,0,0,0,0,1,0,1,0,0,0,0,0,0,0,0,0,0,3,2,0,0,0,0,2,0,0,0,0,2,0,1,0,0,3,0,1,0,6,4,0,0,0,0,145268359.4509284,1196398.0897196278,0.0,0.0,254552408.6285336,0.0010206088591722382
0,0,1,0,0,0,0,0,0,0,0,0,1,1,1,0,0,1,0,0,0,0,0,0,0,0,0,0,0,0,0,0,0,0,0,0,0,0,0,0,0,0,7,3,0,3,0,0,0,7,0,14828418.616452496,29979097.87144558,2755053.9827514943,28557656.73001769,435109654.4207567,0.07812049910447999
0,0,0,0,0,0,0,0,0,0,0,0,1,0,0,0,0,0,0,0,0,0,0,0,0,2,2,0,0,0,0,3,0,0,0,0,3,0,0,0,0,1,0,0,0,2,3,0,0,0,0,148615670.53199923,2647408.92838945,9104582.43139196,5776688.933677398,200988719.799454,0.002684913134621474
0,0,1,0,0,0,0,0,0,0,0,1,1,1,1,0,1,0,0,0,0,0,0,0,0,0,0,0,0,0,0,0,0,0,0,0,0,0,0,0,0,0,0,0,0,0,0,0,1,0,0,12331220.097443707,164231220.0974437,13947440.359333202,16373964.673805287,396218122.8846525,0.048900584931243926
0,0,1,0,0,0,0,0,0,0,0,1,1,1,1,0,1,1,0,0,0,0,0,0,0,0,0,0,0,0,0,0,0,0,0,0,0,0,0,0,0,3,0,1,0,3,0,0,0,0,0,10892317.601112861,154338909.9045048,0.0,0.0,487108545.2495042,0.016611534776795008
0,0,1,0,0,0,0,0,0,0,0,0,1,1,1,0,0,0,0,0,0,0,0,0,0,0,0,0,0,0,0,0,0,1,0,0,2,0,0,0,3,4,0,1,0,0,2,0,0,0,0,64287237.4206892,4845993.89206516,0.0,16185174.35504806,340865705.0863204,0.0456803756384426
0,0,1,0,0,0,0,0,0,0,0,0,1,1,1,0,0,0,0,0,0,0,0,0,0,0,0,0,0,0,0,0,0,0,0,0,0,0,0,0,0,1,1,0,7,2,2,0,1,0,0,42209452.87027405,13159440.930410795,2441927.711560932,0.0,303385641.6831334,0.05495199830380415
0,0,1,0,0,0,0,0,0,0,0,0,1,0,1,0,0,0,0,0,0,0,0,0,0,3,0,0,0,0,0,0,0,0,0,0,3,0,3,0,0,3,0,0,0,4,4,0,1,0,0,72339201.59629108,6310644.891124559,0.0,0.0,309708393.14632285,0.005237248740272732
0,0,1,0,0,0,0,0,0,0,0,0,1,1,1,0,0,1,0,0,0,0,0,0,0,0,0,0,0,0,0,0,0,0,0,0,0,0,0,0,0,1,0,1,0,0,1,0,0,0,0,37781465.022671826,6423450.626831852,1737633.9073259581,3657170.214645441,366107272.78835577,0.04448180432407681
0,0,1,0,0,0,0,0,0,0,0,1,1,1,1,0,1,0,0,0,0,0,0,0,0,3,0,0,0,0,0,0,0,0,0,0,0,0,0,0,3,0,3,0,0,3,0,0,2,2,0,12332363.77283736,177344653.8502391,2789488.0718666404,21627629.022652194,464354682.69723874,0.0057109448809914325
0,0,1,0,0,0,0,0,0,0,0,0,1,1,1,0,0,1,1,0,0,0,0,0,0,0,0,0,0,0,0,0,0,0,0,0,0,0,0,0,0,3,0,3,0,2,0,0,1,0,0,12081557.061075566,3628149.364467519,0.0,0.0,489051069.0577461,0.024837421953393495
